constant1,constant2,value1,value2,formula,v_pred,deviation,relative_error,sigma_discrepancy
alpha_inv,phi,137.03599917759013,1.618033988749895,c / (alpha_inv · phi),1352.06755689621,17.932443103790092,0.013089374528313935,1.7932443103790092
alpha_inv,sqrt3,137.03599917759013,1.7320508075688772,c / (alpha_inv · sqrt3),1263.0641391026882,106.93586089731184,0.07805537291774586,10.693586089731184
alpha_inv,sqrt2,137.03599917759013,1.4142135623730951,c / (alpha_inv · sqrt2),1546.93132660465,176.93132660464994,0.12914695372602186,17.693132660464993
proton_electron_mass_ratio,one_seventh,1836.1526734215265,0.14285714285714285,c / (proton_electron_mass_ratio · one_seventh),1142.9045287881872,227.09547121181276,0.16576311767285604,22.709547121181277
proton_electron_mass_ratio,one_tenth,1836.1526734215265,0.1,c / (proton_electron_mass_ratio · one_tenth),1632.7207554116958,262.7207554116958,0.19176697475306262,26.272075541169578
alpha_inv,sqrt5,137.03599917759013,2.23606797749979,c / (alpha_inv · sqrt5),978.365275187304,391.63472481269605,0.2858647626370044,39.16347248126961
alpha_inv,zeta3,137.03599917759013,1.2020569,c / (alpha_inv · zeta3),1819.9564946918067,449.9564946918067,0.32843539758526036,44.99564946918067
alpha_inv,phi_squared,137.03599917759013,2.618033988749895,c / (alpha_inv · phi_squared),835.6237052478899,534.3762947521101,0.39005568960008036,53.43762947521101
alpha_inv,e,137.03599917759013,2.718281828459045,c / (alpha_inv · e),804.8066389732188,565.1933610267812,0.4125498985596943,56.51933610267812
alpha_inv,pi,137.03599917759013,3.141592653589793,c / (alpha_inv · pi),696.3637566583618,673.6362433416382,0.4917052871106848,67.36362433416382
alpha_inv,strong_coupling,137.03599917759013,1.0,c / (alpha_inv · strong_coupling),2187.6912621440997,817.6912621440997,0.5968549358716057,81.76912621440997
alpha_inv,phi_cubed,137.03599917759013,4.23606797749979,c / (alpha_inv · phi_cubed),516.4438516483199,853.5561483516801,0.6230336849282336,85.35561483516801
proton_electron_mass_ratio,one_third,1836.1526734215265,0.3333333333333333,c / (proton_electron_mass_ratio · one_third),489.8162266235088,880.1837733764912,0.6424699075740812,88.01837733764913
proton_electron_mass_ratio,euler_gamma,1836.1526734215265,0.5772156649,c / (proton_electron_mass_ratio · euler_gamma),282.86147703468123,1087.1385229653188,0.7935317685878239,108.71385229653188
proton_electron_mass_ratio,phi_inv,1836.1526734215265,0.6180339887498948,c / (proton_electron_mass_ratio · phi_inv),264.17976763935286,1105.8202323606472,0.8071680528179906,110.58202323606471
proton_electron_mass_ratio,strong_coupling,1836.1526734215265,1.0,c / (proton_electron_mass_ratio · strong_coupling),163.27207554116958,1206.7279244588303,0.8808233025246937,120.67279244588303
proton_electron_mass_ratio,zeta3,1836.1526734215265,1.2020569,c / (proton_electron_mass_ratio · zeta3),135.8272437362737,1234.1727562637263,0.9008560264698733,123.41727562637263
proton_electron_mass_ratio,sqrt2,1836.1526734215265,1.4142135623730951,c / (proton_electron_mass_ratio · sqrt2),115.45079179356325,1254.5492082064368,0.9157293490557933,125.45492082064368
proton_electron_mass_ratio,phi,1836.1526734215265,1.618033988749895,c / (proton_electron_mass_ratio · phi),100.90769209818319,1269.0923079018169,0.926344750293297,126.90923079018168
proton_electron_mass_ratio,sqrt3,1836.1526734215265,1.7320508075688772,c / (proton_electron_mass_ratio · sqrt3),94.26517676484319,1275.734823235157,0.9311933016315014,127.57348232351569
proton_electron_mass_ratio,sqrt5,1836.1526734215265,2.23606797749979,c / (proton_electron_mass_ratio · sqrt5),73.0174919475072,1296.982508052493,0.9467025606222575,129.6982508052493
proton_electron_mass_ratio,phi_squared,1836.1526734215265,2.618033988749895,c / (proton_electron_mass_ratio · phi_squared),62.3643834429864,1307.6356165570137,0.9544785522313969,130.76356165570138
proton_electron_mass_ratio,e,1836.1526734215265,2.718281828459045,c / (proton_electron_mass_ratio · e),60.06443990898699,1309.935560091013,0.9561573431321263,130.9935560091013
proton_electron_mass_ratio,pi,1836.1526734215265,3.141592653589793,c / (proton_electron_mass_ratio · pi),51.971115782500966,1318.0288842174991,0.9620648789908752,131.8028884217499
proton_electron_mass_ratio,phi_cubed,1836.1526734215265,4.23606797749979,c / (proton_electron_mass_ratio · phi_cubed),38.54330865519679,1331.4566913448032,0.9718661980619001,133.14566913448033
alpha_inv,proton_electron_mass_ratio,137.03599917759013,1836.1526734215265,c / (alpha_inv · proton_electron_mass_ratio),1.1914538991289374,1368.8085461008711,0.9991303256210738,136.8808546100871
alpha_inv,phi_inv,137.03599917759013,0.6180339887498948,c / (alpha_inv · phi_inv),3539.7588190403103,2169.7588190403103,1.5837655613432922,216.97588190403104
alpha_inv,euler_gamma,137.03599917759013,0.5772156649,c / (alpha_inv · euler_gamma),3790.076041202221,2420.076041202221,1.766478862191402,242.00760412022208
proton_electron_mass_ratio,weak_coupling,1836.1526734215265,0.034482758620689655,c / (proton_electron_mass_ratio · weak_coupling),4734.890190693918,3364.890190693918,2.456124226783882,336.4890190693918
alpha_inv,one_third,137.03599917759013,0.3333333333333333,c / (alpha_inv · one_third),6563.0737864323,5193.0737864323,3.7905648076148175,519.30737864323
alpha_inv,one_seventh,137.03599917759013,0.14285714285714285,c / (alpha_inv · one_seventh),15313.838835008699,13943.838835008699,10.17798455110124,1394.3838835008698
alpha_inv,one_tenth,137.03599917759013,0.1,c / (alpha_inv · one_tenth),21876.912621440995,20506.912621440995,14.968549358716055,2050.6912621440997
alpha,proton_electron_mass_ratio,0.0072973525643,1836.1526734215265,c / (alpha · proton_electron_mass_ratio),22374.15200958315,21004.15200958315,15.331497817213979,2100.415200958315
pi,phi_cubed,3.141592653589793,4.23606797749979,c / (pi · phi_cubed),22527.236033889538,21157.236033889538,15.443237980941268,2115.723603388954
e,phi_cubed,2.718281828459045,4.23606797749979,c / (e · phi_cubed),26035.342799561713,24665.342799561713,18.00389985369468,2466.5342799561713
phi_squared,phi_cubed,2.618033988749895,4.23606797749979,c / (phi_squared · phi_cubed),27032.269074376618,25662.269074376618,18.731583265968336,2566.226907437662
sqrt5,phi_cubed,2.23606797749979,4.23606797749979,c / (sqrt5 · phi_cubed),31649.931908099737,30279.931908099737,22.102140078904917,3027.993190809974
proton_electron_mass_ratio,electron_muon_mass_ratio,1836.1526734215265,0.004836331698964586,c / (proton_electron_mass_ratio · electron_muon_mass_ratio),33759.48667377894,32389.48667377894,23.641961075751052,3238.9486673778943
pi,e,3.141592653589793,2.718281828459045,c / (pi · e),35105.59581632306,33735.59581632306,24.62452249366647,3373.559581632306
pi,phi_squared,3.141592653589793,2.618033988749895,c / (pi · phi_squared),36449.83357542465,35079.83357542465,25.605717938266167,3507.983357542465
sqrt3,phi_cubed,1.7320508075688772,4.23606797749979,c / (sqrt3 · phi_cubed),40859.88639622301,39489.88639622301,28.82473459578322,3948.988639622301
e,phi_squared,2.718281828459045,2.618033988749895,c / (e · phi_squared),42126.069558445684,40756.069558445684,29.74895588207714,4075.6069558445683
pi,sqrt5,3.141592653589793,2.23606797749979,c / (pi · sqrt5),42676.20848067344,41306.20848067344,30.150517139177694,4130.620848067344
phi,phi_cubed,1.618033988749895,4.23606797749979,c / (phi · phi_cubed),43739.13015537403,42369.13015537403,30.92637237618542,4236.913015537402
e,sqrt5,2.718281828459045,2.23606797749979,c / (e · sqrt5),49322.061326493575,47952.061326493575,35.001504617878524,4795.206132649358
sqrt2,phi_cubed,1.4142135623730951,4.23606797749979,c / (sqrt2 · phi_cubed),50042.936309417084,48672.936309417084,35.52769073680079,4867.293630941708
sqrt5,phi_squared,2.23606797749979,2.618033988749895,c / (sqrt5 · phi_squared),51210.66556892519,49840.66556892519,36.38004786052934,4984.06655689252
pi,sqrt3,3.141592653589793,1.7320508075688772,c / (pi · sqrt3),55094.74824164133,53724.74824164133,39.21514470192798,5372.474824164134
zeta3,phi_cubed,1.2020569,4.23606797749979,c / (zeta3 · phi_cubed),58875.24894183514,57505.24894183514,41.97463426411324,5750.524894183514
phi,pi,1.618033988749895,3.141592653589793,c / (phi · pi),58977.069609314196,57607.069609314196,42.048955919207444,5760.706960931419
alpha_inv,weak_coupling,137.03599917759013,0.034482758620689655,c / (alpha_inv · weak_coupling),63443.0466021789,62073.0466021789,45.30879314027657,6207.30466021789
e,sqrt3,2.718281828459045,1.7320508075688772,c / (e · sqrt3),63674.50737271018,62304.50737271018,45.477742607817646,6230.450737271018
sqrt3,phi_squared,1.7320508075688772,2.618033988749895,c / (sqrt3 · phi_squared),66112.68496554828,64742.68496554828,47.2574342814221,6474.268496554828
pi,sqrt2,3.141592653589793,1.4142135623730951,c / (pi · sqrt2),67477.01034956098,66107.01034956098,48.25329222595692,6610.701034956098
phi,e,1.618033988749895,2.718281828459045,c / (phi · e),68161.4123580074,66791.4123580074,48.75285573577182,6679.141235800739
phi,phi_squared,1.618033988749895,2.618033988749895,c / (phi · phi_squared),70771.39922975065,69401.39922975065,50.65795564215376,6940.139922975065
strong_coupling,phi_cubed,1.0,4.23606797749979,c / (strong_coupling · phi_cubed),70771.39922975065,69401.39922975065,50.65795564215376,6940.139922975065
sqrt3,sqrt5,1.7320508075688772,2.23606797749979,c / (sqrt3 · sqrt5),77406.07981017242,76036.07981017242,55.50078818260761,7603.607981017242
e,sqrt2,2.718281828459045,1.4142135623730951,c / (e · sqrt2),77985.02634311271,76615.02634311271,55.923376892783,7661.502634311271
pi,zeta3,3.141592653589793,1.2020569,c / (pi · zeta3),79386.34451059582,78016.34451059582,56.94623686904804,7801.634451059583
sqrt2,phi_squared,1.4142135623730951,2.618033988749895,c / (sqrt2 · phi_squared),80971.17184548307,79601.17184548307,58.10304514268837,7960.117184548307
phi,sqrt5,1.618033988749895,2.23606797749979,c / (phi · sqrt5),82860.59747702492,81490.59747702492,59.48218793943425,8149.059747702491
e,zeta3,2.718281828459045,1.2020569,c / (e · zeta3),91748.96955082001,90378.96955082001,65.9700507670219,9037.896955082
sqrt2,sqrt5,1.4142135623730951,2.23606797749979,c / (sqrt2 · sqrt5),94802.69926203671,93432.69926203671,68.19905055623117,9343.269926203671
zeta3,phi_squared,1.2020569,2.618033988749895,c / (zeta3 · phi_squared),95262.15388400055,93892.15388400055,68.53441889343107,9389.215388400055
strong_coupling,pi,1.0,3.141592653589793,c / (strong_coupling · pi),95426.90318473884,94056.90318473884,68.65467385747361,9405.690318473884
phi,sqrt3,1.618033988749895,1.7320508075688772,c / (phi · sqrt3),106972.57136177129,105602.57136177129,77.08216887720532,10560.25713617713
strong_coupling,e,1.0,2.718281828459045,c / (strong_coupling · e),110287.48191645309,108917.48191645309,79.50181161784897,10891.748191645309
sqrt5,zeta3,2.23606797749979,1.2020569,c / (sqrt5 · zeta3),111534.87247230153,110164.87247230153,80.4123156732128,11016.487247230154
strong_coupling,phi_squared,1.0,2.618033988749895,c / (strong_coupling · phi_squared),114510.52938512467,113140.52938512467,82.58432801833918,11314.052938512466
phi_cubed,phi_inv,4.23606797749979,0.6180339887498948,c / (phi_cubed · phi_inv),114510.52938512468,113140.52938512468,82.58432801833918,11314.052938512468
sqrt2,sqrt3,1.4142135623730951,1.7320508075688772,c / (sqrt2 · sqrt3),122389.75847245943,121019.75847245943,88.3355901258828,12101.975847245943
euler_gamma,phi_cubed,0.5772156649,4.23606797749979,c / (euler_gamma · phi_cubed),122608.24425479076,121238.24425479076,88.49506879911733,12123.824425479075
phi,sqrt2,1.618033988749895,1.4142135623730951,c / (phi · sqrt2),131014.10815490014,129644.10815490014,94.63073587948915,12964.410815490013
strong_coupling,sqrt5,1.0,2.23606797749979,c / (strong_coupling · sqrt5),134071.26304595012,132701.26304595012,96.8622357999636,13270.126304595013
sqrt3,zeta3,1.7320508075688772,1.2020569,c / (sqrt3 · zeta3),143990.9012021973,142620.9012021973,104.10284759284475,14262.090120219731
phi,zeta3,1.618033988749895,1.2020569,c / (phi · zeta3),154137.40282583568,152767.40282583568,111.5090531575443,15276.740282583569
pi,phi_inv,3.141592653589793,0.6180339887498948,c / (pi · phi_inv),154403.97279405306,153033.97279405306,111.70362977668107,15303.397279405306
pi,euler_gamma,3.141592653589793,0.5772156649,c / (pi · euler_gamma),165322.78832257807,163952.78832257807,119.67356811867012,16395.278832257805
strong_coupling,sqrt3,1.0,1.7320508075688772,c / (strong_coupling · sqrt3),173085.25632731957,171715.25632731957,125.33960315862743,17171.52563273196
sqrt2,zeta3,1.4142135623730951,1.2020569,c / (sqrt2 · zeta3),176352.11777444414,174982.11777444414,127.72417355798842,17498.211777444412
e,phi_inv,2.718281828459045,0.6180339887498948,c / (e · phi_inv),178448.8942744605,177078.8942744605,129.25466735362082,17707.88942744605
strong_coupling,phi,1.0,1.618033988749895,c / (strong_coupling · phi),185281.9286148753,183911.9286148753,134.24228366049292,18391.19286148753
phi_squared,phi_inv,2.618033988749895,0.6180339887498948,c / (phi_squared · phi_inv),185281.92861487533,183911.92861487533,134.24228366049294,18391.192861487532
e,euler_gamma,2.718281828459045,0.5772156649,c / (e · euler_gamma),191068.06800809866,189698.06800809866,138.46574307160486,18969.806800809867
euler_gamma,phi_squared,0.5772156649,2.618033988749895,c / (euler_gamma · phi_squared),198384.30650520045,197014.30650520045,143.8060631424821,19701.430650520044
strong_coupling,sqrt2,1.0,1.4142135623730951,c / (strong_coupling · sqrt2),211985.2800003832,210615.2800003832,153.73378102217754,21061.52800003832
phi_cubed,one_third,4.23606797749979,0.3333333333333333,c / (phi_cubed · one_third),212314.19768925195,210944.19768925195,153.97386692646128,21094.419768925196
sqrt5,phi_inv,2.23606797749979,0.6180339887498948,c / (sqrt5 · phi_inv),216931.86052297507,215561.86052297507,157.34442373939785,21556.186052297508
sqrt5,euler_gamma,2.23606797749979,0.5772156649,c / (sqrt5 · euler_gamma),232272.39175703478,230902.39175703478,168.54189179345605,23090.23917570348
strong_coupling,zeta3,1.0,1.2020569,c / (strong_coupling · zeta3),249399.55670983624,248029.55670983624,181.04347205097537,24802.955670983625
sqrt3,phi_inv,1.7320508075688772,0.6180339887498948,c / (sqrt3 · phi_inv),280057.82768909086,278687.82768909086,203.42177203583273,27868.782768909085
pi,one_third,3.141592653589793,0.3333333333333333,c / (pi · one_third),286280.70955421653,284910.70955421653,207.96402157242082,28491.070955421652
alpha,alpha_inv,0.0072973525643,137.03599917759013,c / (alpha · alpha_inv),299792.458,298422.458,217.8266116788321,29842.245799999997
phi,phi_inv,1.618033988749895,0.6180339887498948,c / (phi · phi_inv),299792.45800000004,298422.45800000004,217.82661167883214,29842.245800000004
sqrt3,euler_gamma,1.7320508075688772,0.5772156649,c / (sqrt3 · euler_gamma),299862.3683529202,298492.3683529202,217.8776411335184,29849.236835292024
phi,euler_gamma,1.618033988749895,0.5772156649,c / (phi · euler_gamma),320992.55075999117,319622.55075999117,233.30113194159938,31962.255075999117
e,one_third,2.718281828459045,0.3333333333333333,c / (e · one_third),330862.44574935926,329492.44574935926,240.50543485354692,32949.244574935925
sqrt2,phi_inv,1.4142135623730951,0.6180339887498948,c / (sqrt2 · phi_inv),342999.3881552834,341629.3881552834,249.36451690166672,34162.93881552834
phi_squared,one_third,2.618033988749895,0.3333333333333333,c / (phi_squared · one_third),343531.58815537405,342161.58815537405,249.75298405501755,34216.158815537405
