date,strength_Sv,fovs_indicator,cold_blob_sst_anomaly_C,greenland_meltwater_Sv,temp_anomaly_C,distance_to_tipping,ar1_coefficient
2004-01-01,15.845,-0.3951,-0.027,0.0404,0.729,0.8177,0.550
2004-01-11,16.294,-0.4826,-0.403,0.0552,0.880,0.7799,0.550
2004-01-21,16.513,-0.4936,-0.315,0.0416,0.796,0.8010,0.550
2004-01-31,16.982,-0.5053,-0.557,0.0388,0.700,0.8250,0.550
2004-02-10,16.418,-0.5986,-0.156,0.0540,0.730,0.8176,0.551
2004-02-20,16.345,-0.5039,-0.178,0.0472,0.571,0.8572,0.551
2004-03-01,16.988,-0.6025,0.001,0.0592,0.661,0.8346,0.551
2004-03-11,17.058,-0.5442,-0.354,0.0494,0.678,0.8304,0.551
2004-03-21,17.182,-0.6253,-0.124,0.0531,0.770,0.8075,0.551
2004-03-31,16.811,-0.5262,-0.327,0.0406,0.762,0.8095,0.551
2004-04-10,17.156,-0.4158,0.070,0.0399,0.704,0.8240,0.551
2004-04-20,17.375,-0.4518,-0.219,0.0490,0.983,0.7543,0.551
2004-04-30,17.266,-0.5142,-0.122,0.0529,0.695,0.8262,0.552
2004-05-10,16.691,-0.5559,-0.156,0.0557,0.688,0.8281,0.552
2004-05-20,16.593,-0.5229,-0.102,0.0649,0.807,0.7982,0.552
2004-05-30,16.788,-0.3061,-0.191,0.0539,0.851,0.7872,0.552
2004-06-09,17.446,-0.5037,-0.161,0.0638,0.697,0.8258,0.552
2004-06-19,17.187,-0.4108,-0.143,0.0420,0.878,0.7804,0.552
2004-06-29,17.104,-0.4244,-0.270,0.0482,0.643,0.8393,0.552
2004-07-09,16.832,-0.4981,-0.256,0.0668,0.786,0.8034,0.553
2004-07-19,16.399,-0.3675,-0.535,0.0516,0.752,0.8119,0.553
2004-07-29,16.797,-0.6434,-0.273,0.0391,0.790,0.8026,0.553
2004-08-08,16.920,-0.6459,-0.556,0.0566,0.838,0.7905,0.553
2004-08-18,16.694,-0.4359,0.147,0.0571,0.858,0.7855,0.553
2004-08-28,16.917,-0.4565,0.027,0.0428,0.828,0.7930,0.553
2004-09-07,17.409,-0.3192,-0.331,0.0338,0.863,0.7842,0.553
2004-09-17,16.932,-0.3787,-0.270,0.0570,0.836,0.7910,0.553
2004-09-27,16.712,-0.4725,-0.106,0.0406,0.813,0.7968,0.554
2004-10-07,16.787,-0.2958,-0.171,0.0338,0.726,0.8185,0.554
2004-10-17,16.413,-0.5961,-0.190,0.0503,0.736,0.8161,0.554
2004-10-27,16.266,-0.6222,-0.520,0.0288,0.678,0.8305,0.554
2004-11-06,17.152,-0.5148,-0.495,0.0573,0.816,0.7961,0.554
2004-11-16,16.557,-0.3672,-0.276,0.0541,0.743,0.8143,0.554
2004-11-26,17.185,-0.5911,-0.272,0.0500,0.800,0.7999,0.554
2004-12-06,17.029,-0.6150,-0.244,0.0663,0.787,0.8032,0.554
2004-12-16,17.606,-0.4087,-0.533,0.0550,0.868,0.7831,0.555
2004-12-26,17.011,-0.3797,-0.202,0.0534,0.828,0.7930,0.555
2005-01-05,16.682,-0.4869,-0.371,0.0537,0.947,0.7632,0.555
2005-01-15,16.049,-0.5299,-0.109,0.0596,0.839,0.7903,0.555
2005-01-25,16.545,-0.2604,-0.295,0.0530,0.746,0.8136,0.555
2005-02-04,16.908,-0.4590,-0.374,0.0542,0.807,0.7984,0.555
2005-02-14,17.069,-0.3724,0.064,0.0557,0.809,0.7977,0.555
2005-02-24,16.739,-0.4255,-0.036,0.0659,0.614,0.8464,0.556
2005-03-06,16.757,-0.5012,-0.213,0.0663,0.813,0.7968,0.556
2005-03-16,17.212,-0.5495,-0.409,0.0556,0.812,0.7971,0.556
2005-03-26,16.967,-0.4371,-0.278,0.0473,0.662,0.8344,0.556
2005-04-05,17.186,-0.6032,-0.294,0.0519,0.769,0.8078,0.556
2005-04-15,16.755,-0.5430,-0.166,0.0539,0.809,0.7977,0.556
2005-04-25,16.698,-0.3181,-0.103,0.0611,0.759,0.8103,0.556
2005-05-05,16.960,-0.4444,-0.512,0.0504,0.873,0.7816,0.556
2005-05-15,17.275,-0.6332,-0.171,0.0479,0.802,0.7996,0.557
2005-05-25,16.739,-0.5563,-0.093,0.0662,0.875,0.7812,0.557
2005-06-04,16.691,-0.3309,-0.081,0.0366,0.738,0.8155,0.557
2005-06-14,17.277,-0.5704,-0.520,0.0515,0.876,0.7810,0.557
2005-06-24,17.606,-0.5688,-0.328,0.0440,0.852,0.7870,0.557
2005-07-04,17.600,-0.4851,-0.154,0.0393,0.693,0.8268,0.557
2005-07-14,17.470,-0.4554,-0.233,0.0410,0.762,0.8096,0.557
2005-07-24,16.986,-0.4797,-0.105,0.0628,0.854,0.7865,0.558
2005-08-03,16.935,-0.5855,-0.254,0.0452,0.768,0.8079,0.558
2005-08-13,16.377,-0.5147,-0.442,0.0497,0.665,0.8337,0.558
2005-08-23,16.634,-0.5321,-0.273,0.0532,0.956,0.7611,0.558
2005-09-02,16.599,-0.3682,-0.277,0.0504,0.729,0.8176,0.558
2005-09-12,17.123,-0.3181,-0.305,0.0493,0.770,0.8076,0.558
2005-09-22,16.765,-0.2214,-0.195,0.0605,0.907,0.7732,0.558
2005-10-02,17.422,-0.3955,-0.283,0.0489,0.867,0.7832,0.558
2005-10-12,16.966,-0.3347,-0.285,0.0611,0.899,0.7753,0.559
2005-10-22,16.980,-0.3518,-0.117,0.0411,0.750,0.8125,0.559
2005-11-01,17.219,-0.5621,-0.182,0.0471,0.636,0.8409,0.559
2005-11-11,17.227,-0.4827,-0.488,0.0620,0.819,0.7952,0.559
2005-11-21,17.456,-0.3120,-0.233,0.0609,0.812,0.7969,0.559
2005-12-01,16.919,-0.4126,-0.097,0.0326,0.717,0.8208,0.559
2005-12-11,16.928,-0.4698,-0.196,0.0568,0.853,0.7866,0.559
2005-12-21,16.640,-0.5659,-0.068,0.0603,0.758,0.8104,0.560
2005-12-31,16.835,-0.4535,-0.165,0.0447,0.791,0.8022,0.560
2006-01-10,16.775,-0.5674,-0.439,0.0439,0.833,0.7917,0.560
2006-01-20,16.618,-0.3089,-0.200,0.0632,0.704,0.8239,0.560
2006-01-30,15.984,-0.3093,-0.033,0.0575,0.760,0.8101,0.560
2006-02-09,17.231,-0.5090,-0.161,0.0285,0.635,0.8413,0.560
2006-02-19,16.789,-0.2751,-0.248,0.0768,0.855,0.7862,0.560
2006-03-01,16.602,-0.3977,-0.496,0.0728,0.853,0.7869,0.560
2006-03-11,16.203,-0.4696,-0.041,0.0677,0.842,0.7896,0.561
2006-03-21,16.327,-0.2427,-0.172,0.0622,0.754,0.8114,0.561
2006-03-31,16.768,-0.5124,-0.371,0.0502,0.880,0.7800,0.561
2006-04-10,16.656,-0.3690,-0.032,0.0826,0.701,0.8248,0.561
2006-04-20,15.986,-0.5669,-0.282,0.0574,0.926,0.7685,0.561
2006-04-30,16.628,-0.5392,-0.421,0.0503,0.817,0.7957,0.561
2006-05-10,16.961,-0.2132,-0.331,0.0631,0.654,0.8366,0.561
2006-05-20,16.919,-0.3835,-0.318,0.0381,0.804,0.7989,0.562
2006-05-30,16.600,-0.2719,-0.329,0.0590,0.649,0.8379,0.562
2006-06-09,16.367,-0.5025,-0.350,0.0665,0.756,0.8109,0.562
2006-06-19,15.946,-0.3976,-0.226,0.0493,0.861,0.7847,0.562
2006-06-29,16.192,-0.3141,-0.096,0.0526,0.786,0.8034,0.562
2006-07-09,15.456,-0.4639,-0.443,0.0560,0.745,0.8138,0.562
2006-07-19,15.927,-0.4359,-0.432,0.0479,0.776,0.8060,0.562
2006-07-29,15.845,-0.3496,-0.390,0.0550,0.612,0.8470,0.562
2006-08-08,15.626,-0.4589,-0.224,0.0596,0.790,0.8025,0.563
2006-08-18,16.052,-0.4127,-0.173,0.0423,0.758,0.8104,0.563
2006-08-28,16.359,-0.4177,-0.176,0.0391,0.847,0.7883,0.563
2006-09-07,16.263,-0.3251,-0.209,0.0516,0.799,0.8003,0.563
2006-09-17,16.756,-0.4767,-0.169,0.0318,0.872,0.7821,0.563
2006-09-27,17.234,-0.5765,-0.165,0.0596,0.728,0.8181,0.563
2006-10-07,16.770,-0.3077,-0.245,0.0612,0.864,0.7841,0.563
2006-10-17,16.368,-0.2028,-0.347,0.0408,0.883,0.7791,0.563
2006-10-27,15.811,-0.2915,-0.229,0.0525,0.904,0.7739,0.564
2006-11-06,15.946,-0.4751,-0.225,0.0605,0.922,0.7696,0.564
2006-11-16,15.486,-0.3076,-0.206,0.0467,0.749,0.8128,0.564
2006-11-26,16.183,-0.4263,-0.230,0.0494,0.754,0.8115,0.564
2006-12-06,16.361,-0.4051,-0.471,0.0516,0.862,0.7845,0.564
2006-12-16,16.782,-0.3763,-0.249,0.0430,0.856,0.7861,0.564
2006-12-26,16.386,-0.4636,-0.209,0.0553,0.717,0.8208,0.564
2007-01-05,16.874,-0.4431,-0.328,0.0492,0.891,0.7771,0.565
2007-01-15,16.633,-0.2423,-0.228,0.0590,0.751,0.8122,0.565
2007-01-25,16.868,-0.5121,-0.112,0.0567,0.897,0.7757,0.565
2007-02-04,16.583,-0.4269,-0.288,0.0624,0.974,0.7564,0.565
2007-02-14,16.351,-0.3961,-0.173,0.0470,0.824,0.7939,0.565
2007-02-24,16.051,-0.4238,-0.282,0.0628,0.960,0.7600,0.565
2007-03-06,16.787,-0.2898,-0.523,0.0525,0.920,0.7700,0.565
2007-03-16,16.855,-0.3147,-0.059,0.0683,0.855,0.7863,0.565
2007-03-26,16.299,-0.3903,-0.326,0.0670,0.743,0.8142,0.566
2007-04-05,16.674,-0.3551,-0.226,0.0635,0.821,0.7948,0.566
2007-04-15,16.274,-0.4721,0.035,0.0677,0.707,0.8232,0.566
2007-04-25,16.731,-0.4035,0.003,0.0736,0.924,0.7689,0.566
2007-05-05,16.528,-0.3382,-0.253,0.0583,0.980,0.7550,0.566
2007-05-15,16.443,-0.5409,-0.134,0.0565,0.885,0.7787,0.566
2007-05-25,16.769,-0.5837,-0.431,0.0607,0.994,0.7515,0.566
2007-06-04,16.523,-0.3604,-0.100,0.0630,0.706,0.8236,0.567
2007-06-14,16.309,-0.3025,-0.586,0.0498,0.738,0.8156,0.567
2007-06-24,16.561,-0.4556,-0.330,0.0641,0.839,0.7902,0.567
2007-07-04,16.834,-0.4592,-0.364,0.0578,0.822,0.7945,0.567
2007-07-14,16.309,-0.2893,-0.373,0.0603,0.880,0.7800,0.567
2007-07-24,16.393,-0.3009,-0.272,0.0584,0.781,0.8046,0.567
2007-08-03,16.515,-0.5156,-0.249,0.0306,0.879,0.7802,0.567
2007-08-13,16.221,-0.3754,-0.316,0.0698,0.891,0.7773,0.567
2007-08-23,16.301,-0.2443,-0.060,0.0493,0.797,0.8007,0.568
2007-09-02,16.439,-0.4569,-0.091,0.0586,0.810,0.7974,0.568
2007-09-12,16.358,-0.5034,-0.281,0.0688,0.844,0.7889,0.568
2007-09-22,16.517,-0.3733,-0.136,0.0319,0.907,0.7732,0.568
2007-10-02,16.733,-0.2640,-0.066,0.0574,0.792,0.8019,0.568
2007-10-12,16.988,-0.2859,-0.431,0.0568,0.599,0.8503,0.568
2007-10-22,16.948,-0.3287,-0.545,0.0591,0.759,0.8103,0.568
2007-11-01,16.150,-0.2679,-0.254,0.0764,0.940,0.7649,0.569
2007-11-11,17.028,-0.4413,0.007,0.0676,0.779,0.8051,0.569
2007-11-21,17.344,-0.2056,-0.200,0.0471,0.838,0.7906,0.569
2007-12-01,16.519,-0.3733,-0.186,0.0586,0.813,0.7967,0.569
2007-12-11,16.512,-0.2972,-0.344,0.0508,0.777,0.8058,0.569
2007-12-21,16.268,-0.4970,-0.112,0.0701,0.836,0.7910,0.569
2007-12-31,16.140,-0.2736,-0.507,0.0596,0.925,0.7688,0.569
2008-01-10,16.394,-0.4987,-0.185,0.0578,0.755,0.8113,0.569
2008-01-20,16.174,-0.3919,-0.363,0.0710,0.870,0.7824,0.570
2008-01-30,16.182,-0.3872,-0.384,0.0671,0.909,0.7727,0.570
2008-02-09,16.664,-0.3005,-0.313,0.0515,0.759,0.8101,0.570
2008-02-19,16.974,-0.4218,-0.245,0.0474,0.863,0.7842,0.570
2008-02-29,16.704,-0.2622,-0.225,0.0732,0.768,0.8081,0.570
2008-03-10,16.736,-0.2571,-0.049,0.0628,0.814,0.7966,0.570
2008-03-20,16.986,-0.3403,-0.337,0.0371,0.889,0.7777,0.570
2008-03-30,16.959,-0.3039,-0.304,0.0688,0.740,0.8150,0.571
2008-04-09,16.832,-0.4494,-0.021,0.0334,0.876,0.7810,0.571
2008-04-19,16.361,-0.4955,-0.327,0.0562,0.910,0.7725,0.571
2008-04-29,16.454,-0.2239,-0.238,0.0525,0.862,0.7845,0.571
2008-05-09,16.989,-0.2289,-0.343,0.0639,0.833,0.7918,0.571
2008-05-19,16.694,-0.2046,-0.259,0.0604,0.828,0.7929,0.571
2008-05-29,16.850,-0.2027,-0.420,0.0565,0.974,0.7566,0.571
2008-06-08,16.691,-0.2672,-0.316,0.0793,0.820,0.7950,0.571
2008-06-18,16.599,-0.1578,-0.375,0.0586,0.870,0.7826,0.572
2008-06-28,16.726,-0.4205,-0.387,0.0687,0.877,0.7807,0.572
2008-07-08,16.715,-0.3657,-0.239,0.0560,0.899,0.7752,0.572
2008-07-18,16.224,-0.2351,-0.482,0.0552,0.901,0.7747,0.572
2008-07-28,15.555,-0.2113,-0.232,0.0457,0.648,0.8380,0.572
2008-08-07,15.593,-0.3834,-0.235,0.0802,0.747,0.8132,0.572
2008-08-17,16.258,-0.2878,-0.254,0.0652,0.848,0.7879,0.572
2008-08-27,15.824,-0.4039,-0.136,0.0499,0.870,0.7825,0.572
2008-09-06,15.861,-0.3264,-0.175,0.0583,1.032,0.7421,0.573
2008-09-16,15.480,-0.2099,-0.542,0.0371,0.751,0.8123,0.573
2008-09-26,15.593,-0.0713,-0.435,0.0639,0.839,0.7902,0.573
2008-10-06,15.158,-0.1731,0.032,0.0703,0.855,0.7863,0.573
2008-10-16,16.041,-0.2646,-0.250,0.0558,0.796,0.8010,0.573
2008-10-26,16.002,-0.3620,-0.385,0.0685,0.901,0.7749,0.573
2008-11-05,16.314,-0.2158,-0.450,0.0514,0.903,0.7743,0.573
2008-11-15,15.652,-0.2437,-0.348,0.0550,0.901,0.7747,0.574
2008-11-25,15.727,-0.2755,-0.278,0.0538,0.872,0.7819,0.574
2008-12-05,16.462,-0.1892,-0.274,0.0484,0.938,0.7655,0.574
2008-12-15,16.348,-0.2543,-0.361,0.0554,0.969,0.7577,0.574
2008-12-25,15.953,-0.3800,-0.232,0.0453,0.767,0.8081,0.574
2009-01-04,15.724,-0.2951,-0.163,0.0627,0.947,0.7633,0.574
2009-01-14,15.783,-0.3099,-0.541,0.0680,0.817,0.7958,0.574
2009-01-24,15.698,-0.3244,-0.293,0.0728,0.770,0.8076,0.574
2009-02-03,15.801,-0.4596,-0.343,0.0631,0.847,0.7884,0.575
2009-02-13,16.328,-0.3431,-0.342,0.0737,0.896,0.7759,0.575
2009-02-23,16.342,-0.3087,-0.267,0.0594,1.012,0.7470,0.575
2009-03-05,16.336,-0.2437,-0.551,0.0373,0.933,0.7668,0.575
2009-03-15,16.285,-0.2215,-0.075,0.0394,0.783,0.8043,0.575
2009-03-25,16.201,-0.1565,-0.215,0.0700,0.829,0.7928,0.575
2009-04-04,16.180,-0.3382,0.047,0.0687,0.920,0.7700,0.575
2009-04-14,15.974,-0.2141,-0.344,0.0596,0.997,0.7508,0.576
2009-04-24,16.273,-0.2806,-0.338,0.0720,0.850,0.7876,0.576
2009-05-04,16.543,-0.5353,-0.243,0.0693,0.967,0.7583,0.576
2009-05-14,16.786,-0.3284,-0.314,0.0801,0.904,0.7740,0.576
2009-05-24,16.901,-0.3052,-0.309,0.0633,0.688,0.8280,0.576
2009-06-03,16.808,-0.4359,-0.074,0.0778,0.970,0.7574,0.576
2009-06-13,16.799,-0.2544,-0.181,0.0507,0.846,0.7886,0.576
2009-06-23,17.065,-0.3386,-0.378,0.0637,0.849,0.7878,0.576
2009-07-03,16.627,-0.3127,-0.296,0.0376,0.954,0.7615,0.577
2009-07-13,16.170,-0.2501,0.024,0.0534,0.944,0.7640,0.577
2009-07-23,16.055,-0.2463,-0.346,0.0582,0.834,0.7915,0.577
2009-08-02,16.695,-0.3836,-0.434,0.0509,0.819,0.7953,0.577
2009-08-12,16.525,-0.2918,-0.681,0.0514,0.874,0.7814,0.577
2009-08-22,16.348,-0.2108,-0.335,0.0643,0.830,0.7925,0.577
2009-09-01,16.143,-0.3436,-0.053,0.0626,0.959,0.7602,0.577
2009-09-11,15.916,-0.4316,-0.334,0.0721,0.978,0.7555,0.578
2009-09-21,15.590,-0.2463,-0.042,0.0556,0.890,0.7775,0.578
2009-10-01,15.908,-0.2093,-0.444,0.0819,0.817,0.7957,0.578
2009-10-11,15.840,-0.1881,-0.412,0.0530,0.846,0.7884,0.578
2009-10-21,15.978,-0.4253,-0.208,0.0651,0.847,0.7883,0.578
2009-10-31,15.692,-0.3788,-0.081,0.0574,0.907,0.7733,0.578
2009-11-10,15.735,-0.1313,-0.292,0.0587,0.948,0.7630,0.578
2009-11-20,16.801,-0.3222,-0.523,0.0508,0.760,0.8101,0.578
2009-11-30,16.231,-0.3361,-0.351,0.0700,0.923,0.7692,0.579
2009-12-10,15.665,-0.4244,-0.400,0.0392,0.871,0.7823,0.579
2009-12-20,15.763,-0.1973,-0.208,0.0506,0.830,0.7925,0.579
2009-12-30,16.156,-0.2350,-0.154,0.0675,0.934,0.7666,0.579
2010-01-09,16.333,-0.2210,-0.258,0.0592,0.814,0.7966,0.579
2010-01-19,16.160,-0.2349,-0.372,0.0752,0.803,0.7992,0.579
2010-01-29,16.050,-0.2687,-0.351,0.0766,0.789,0.8026,0.579
2010-02-08,16.268,-0.1469,-0.282,0.0698,0.981,0.7546,0.579
2010-02-18,16.347,-0.2046,-0.114,0.0592,0.862,0.7845,0.580
2010-02-28,15.926,-0.1111,-0.548,0.0573,0.828,0.7930,0.580
2010-03-10,16.405,-0.2654,-0.204,0.0657,0.941,0.7649,0.580
2010-03-20,15.429,-0.1383,-0.380,0.0555,0.750,0.8125,0.580
2010-03-30,15.839,-0.3399,-0.248,0.0647,0.914,0.7714,0.580
2010-04-09,15.980,-0.3808,-0.464,0.0548,0.934,0.7664,0.580
2010-04-19,15.139,-0.2505,-0.383,0.0476,0.819,0.7953,0.580
2010-04-29,15.239,-0.2315,-0.405,0.0689,0.815,0.7963,0.581
2010-05-09,15.499,-0.1801,-0.175,0.0574,0.877,0.7808,0.581
2010-05-19,15.171,-0.1778,-0.319,0.0673,0.827,0.7934,0.581
2010-05-29,15.729,-0.1689,-0.414,0.0620,0.979,0.7553,0.581
2010-06-08,16.784,-0.2449,-0.201,0.0483,0.901,0.7749,0.581
2010-06-18,16.228,-0.3638,-0.438,0.0756,0.879,0.7801,0.581
2010-06-28,16.085,-0.2106,-0.280,0.0613,0.989,0.7528,0.581
2010-07-08,16.025,-0.3113,-0.107,0.0504,0.995,0.7512,0.581
2010-07-18,15.845,-0.2098,-0.358,0.0814,0.842,0.7894,0.582
2010-07-28,16.170,-0.1335,-0.276,0.0594,0.907,0.7732,0.582
2010-08-07,16.312,-0.2738,-0.175,0.0831,0.853,0.7868,0.582
2010-08-17,15.778,-0.1650,-0.406,0.0576,0.796,0.8010,0.582
2010-08-27,16.033,-0.3364,-0.234,0.0828,0.890,0.7774,0.582
2010-09-06,16.406,-0.3631,-0.485,0.0769,0.880,0.7800,0.582
2010-09-16,15.662,-0.2422,-0.013,0.0536,0.862,0.7844,0.582
2010-09-26,15.783,-0.2357,-0.388,0.0632,0.832,0.7919,0.583
2010-10-06,16.140,-0.2768,-0.500,0.0660,0.974,0.7564,0.583
2010-10-16,16.458,-0.0657,-0.508,0.0544,0.927,0.7681,0.583
2010-10-26,15.551,-0.1527,-0.448,0.0651,0.873,0.7817,0.583
2010-11-05,15.510,-0.1402,-0.384,0.0579,0.938,0.7655,0.583
2010-11-15,16.069,-0.1420,-0.360,0.0725,0.950,0.7625,0.583
2010-11-25,16.250,-0.1605,-0.304,0.0710,0.867,0.7833,0.583
2010-12-05,16.693,-0.2186,-0.437,0.0772,1.011,0.7473,0.583
2010-12-15,16.148,-0.3328,-0.096,0.0541,0.997,0.7508,0.584
2010-12-25,16.289,-0.1407,-0.148,0.0484,0.886,0.7786,0.584
2011-01-04,16.127,-0.1912,-0.307,0.0877,0.983,0.7543,0.584
2011-01-14,16.525,-0.2808,-0.664,0.0601,0.938,0.7655,0.584
2011-01-24,16.162,-0.1302,-0.232,0.0658,0.920,0.7700,0.584
2011-02-03,16.001,-0.1919,-0.129,0.0486,0.876,0.7809,0.584
2011-02-13,16.018,-0.2320,-0.405,0.0607,0.957,0.7607,0.584
2011-02-23,16.045,-0.3185,-0.378,0.0623,1.009,0.7477,0.585
2011-03-05,15.915,-0.2979,-0.172,0.0610,0.974,0.7564,0.585
2011-03-15,16.018,-0.1553,-0.312,0.0802,0.930,0.7675,0.585
2011-03-25,15.737,-0.1492,-0.355,0.0677,0.869,0.7827,0.585
2011-04-04,15.807,-0.2065,-0.281,0.0722,0.836,0.7910,0.585
2011-04-14,16.004,-0.2582,-0.406,0.0701,0.909,0.7727,0.585
2011-04-24,16.743,-0.0587,-0.408,0.0630,0.935,0.7662,0.585
2011-05-04,16.625,-0.1890,-0.438,0.0778,0.927,0.7682,0.585
2011-05-14,15.893,-0.1880,-0.255,0.0682,0.932,0.7671,0.586
2011-05-24,15.850,-0.1873,-0.393,0.0581,0.937,0.7659,0.586
2011-06-03,15.606,-0.0591,-0.359,0.0424,0.925,0.7686,0.586
2011-06-13,15.915,-0.2155,-0.328,0.0562,1.030,0.7425,0.586
2011-06-23,15.482,-0.2340,-0.447,0.0738,0.957,0.7606,0.586
2011-07-03,15.755,-0.1071,-0.563,0.0719,1.001,0.7498,0.586
2011-07-13,15.813,-0.2139,-0.574,0.0610,1.009,0.7478,0.586
2011-07-23,16.273,-0.1999,-0.444,0.0627,1.010,0.7475,0.587
2011-08-02,16.149,-0.0976,-0.199,0.0579,0.764,0.8091,0.587
2011-08-12,16.096,-0.0177,-0.194,0.0775,0.827,0.7932,0.587
2011-08-22,16.063,-0.1925,-0.292,0.0532,0.982,0.7544,0.587
2011-09-01,16.372,0.1857,-0.683,0.0713,0.927,0.7681,0.587
2011-09-11,16.265,-0.2290,-0.392,0.0643,0.956,0.7611,0.587
2011-09-21,16.382,-0.1684,-0.208,0.0652,0.801,0.7999,0.587
2011-10-01,16.604,-0.2610,-0.379,0.0824,0.967,0.7582,0.587
2011-10-11,15.972,-0.2279,-0.413,0.0749,0.962,0.7595,0.588
2011-10-21,16.162,-0.3189,-0.237,0.0568,0.775,0.8062,0.588
2011-10-31,16.230,-0.1636,-0.378,0.0578,0.912,0.7719,0.588
2011-11-10,16.212,-0.2152,-0.091,0.0583,0.982,0.7546,0.588
2011-11-20,16.618,-0.3040,-0.098,0.0771,0.930,0.7674,0.588
2011-11-30,16.627,-0.3483,-0.323,0.0657,1.118,0.7206,0.588
2011-12-10,16.468,-0.1753,-0.412,0.0625,0.934,0.7666,0.588
2011-12-20,16.749,-0.3316,-0.114,0.0692,0.983,0.7543,0.588
2011-12-30,16.158,-0.0899,-0.578,0.0727,0.876,0.7810,0.589
2012-01-09,16.512,-0.2043,-0.277,0.0698,0.886,0.7786,0.589
2012-01-19,16.085,-0.0082,-0.610,0.0817,0.884,0.7790,0.589
2012-01-29,15.995,-0.1497,-0.143,0.0608,0.915,0.7712,0.589
2012-02-08,15.653,-0.1425,-0.348,0.0666,0.995,0.7512,0.589
2012-02-18,16.633,-0.0897,-0.467,0.0502,0.933,0.7666,0.589
2012-02-28,16.617,-0.2951,-0.435,0.0723,0.867,0.7832,0.589
2012-03-09,16.057,-0.3241,-0.381,0.0635,1.042,0.7395,0.590
2012-03-19,15.559,-0.2580,-0.366,0.0696,0.940,0.7650,0.590
2012-03-29,15.969,-0.1064,-0.159,0.0707,1.075,0.7313,0.590
2012-04-08,15.965,-0.0738,-0.441,0.0736,0.923,0.7693,0.590
2012-04-18,15.546,-0.0931,-0.365,0.0476,0.961,0.7597,0.590
2012-04-28,15.805,-0.0952,-0.359,0.0795,1.082,0.7295,0.590
2012-05-08,16.286,-0.1197,-0.315,0.0685,0.891,0.7771,0.590
2012-05-18,15.480,-0.2047,-0.395,0.0569,0.952,0.7620,0.590
2012-05-28,15.685,0.0048,-0.402,0.0587,0.902,0.7745,0.591
2012-06-07,15.503,-0.1690,-0.474,0.0642,0.954,0.7614,0.591
2012-06-17,15.647,-0.0717,-0.348,0.0627,0.882,0.7794,0.591
2012-06-27,15.657,-0.0416,-0.451,0.0644,0.796,0.8011,0.591
2012-07-07,15.441,-0.0094,-0.276,0.0646,1.111,0.7222,0.591
2012-07-17,15.802,-0.2370,-0.518,0.0606,1.127,0.7183,0.591
2012-07-27,15.328,-0.1484,-0.683,0.0676,0.926,0.7686,0.591
2012-08-06,14.881,-0.0534,-0.263,0.0711,1.011,0.7473,0.592
2012-08-16,15.661,-0.0835,-0.190,0.0746,0.986,0.7536,0.592
2012-08-26,15.282,-0.1962,-0.272,0.0727,1.022,0.7446,0.592
2012-09-05,15.476,-0.1834,-0.369,0.0792,1.063,0.7343,0.592
2012-09-15,15.736,-0.0788,-0.144,0.0637,0.864,0.7840,0.592
2012-09-25,15.591,-0.1487,-0.328,0.0763,0.909,0.7726,0.592
2012-10-05,15.395,-0.1393,-0.674,0.0676,0.887,0.7782,0.592
2012-10-15,15.476,-0.1629,-0.489,0.0741,0.987,0.7533,0.592
2012-10-25,15.360,-0.0684,-0.619,0.0729,0.896,0.7760,0.593
2012-11-04,15.403,-0.2954,-0.338,0.0769,0.932,0.7671,0.593
2012-11-14,15.700,-0.0536,-0.490,0.0727,1.030,0.7426,0.593
2012-11-24,15.849,-0.2769,-0.339,0.0703,1.092,0.7271,0.593
2012-12-04,15.786,-0.1030,-0.252,0.0785,0.986,0.7535,0.593
2012-12-14,15.686,-0.0764,-0.521,0.0708,0.962,0.7596,0.593
2012-12-24,15.339,-0.2321,-0.290,0.0704,1.039,0.7402,0.593
2013-01-03,15.719,-0.4119,-0.329,0.0700,0.959,0.7601,0.594
2013-01-13,15.806,-0.2124,-0.390,0.0694,0.842,0.7895,0.594
2013-01-23,15.990,-0.2274,-0.589,0.0729,1.030,0.7425,0.594
2013-02-02,16.176,-0.0419,-0.431,0.0554,0.969,0.7576,0.594
2013-02-12,16.083,-0.2680,-0.297,0.0683,1.013,0.7469,0.594
2013-02-22,15.507,-0.1471,-0.356,0.0673,0.968,0.7581,0.594
2013-03-04,14.980,-0.1060,-0.624,0.0735,0.978,0.7556,0.594
2013-03-14,15.217,-0.0871,-0.623,0.0739,0.907,0.7732,0.594
2013-03-24,15.592,-0.1852,-0.506,0.0499,0.839,0.7902,0.595
2013-04-03,16.004,-0.1333,-0.249,0.0559,1.075,0.7313,0.595
2013-04-13,15.457,-0.1837,-0.359,0.0661,0.823,0.7944,0.595
2013-04-23,16.024,-0.2595,-0.396,0.0797,0.931,0.7672,0.595
2013-05-03,15.730,-0.1196,-0.475,0.0794,1.108,0.7230,0.595
2013-05-13,16.165,-0.2135,-0.451,0.0746,0.949,0.7628,0.595
2013-05-23,15.422,-0.1455,-0.118,0.0748,0.993,0.7516,0.595
2013-06-02,15.390,-0.0251,-0.453,0.0557,1.115,0.7212,0.596
2013-06-12,15.384,-0.1333,-0.437,0.0665,1.033,0.7417,0.596
2013-06-22,15.195,-0.0185,-0.424,0.0542,0.870,0.7826,0.596
2013-07-02,14.989,-0.1294,-0.417,0.0753,0.950,0.7625,0.596
2013-07-12,15.565,-0.0971,-0.385,0.0694,0.937,0.7658,0.596
2013-07-22,15.191,-0.1037,-0.494,0.0782,0.994,0.7515,0.596
2013-08-01,15.505,-0.2239,-0.222,0.0751,0.922,0.7694,0.596
2013-08-11,15.269,-0.1923,-0.320,0.0751,1.035,0.7412,0.596
2013-08-21,15.105,-0.1984,-0.388,0.0621,0.924,0.7690,0.597
2013-08-31,15.352,-0.1700,-0.032,0.0613,1.004,0.7490,0.597
2013-09-10,15.879,-0.1121,-0.474,0.0387,1.011,0.7472,0.597
2013-09-20,15.909,-0.1279,-0.462,0.0822,0.988,0.7530,0.597
2013-09-30,15.738,-0.2506,-0.230,0.0779,1.004,0.7490,0.597
2013-10-10,15.486,-0.1804,-0.411,0.0613,1.132,0.7170,0.597
2013-10-20,14.771,0.0393,-0.449,0.0613,1.037,0.7407,0.597
2013-10-30,15.488,-0.2522,-0.324,0.0654,0.977,0.7557,0.597
2013-11-09,15.865,-0.1603,-0.403,0.0871,0.804,0.7990,0.598
2013-11-19,15.865,-0.2132,-0.211,0.0777,0.815,0.7964,0.598
2013-11-29,15.258,-0.2970,-0.290,0.0463,1.110,0.7224,0.598
2013-12-09,15.162,0.0033,-0.234,0.0767,0.949,0.7627,0.598
2013-12-19,15.225,-0.0556,-0.188,0.0726,1.009,0.7478,0.598
2013-12-29,15.336,-0.0529,-0.687,0.0681,0.993,0.7518,0.598
2014-01-08,15.591,-0.1649,-0.232,0.0679,1.043,0.7392,0.598
2014-01-18,15.193,-0.1294,-0.385,0.0727,1.014,0.7466,0.599
2014-01-28,14.986,-0.1195,-0.253,0.0673,0.864,0.7839,0.599
2014-02-07,14.876,0.0433,-0.100,0.0731,1.104,0.7240,0.599
2014-02-17,14.565,-0.0816,-0.291,0.0704,0.901,0.7748,0.599
2014-02-27,15.533,-0.0357,-0.299,0.0755,1.024,0.7439,0.599
2014-03-09,15.497,0.1124,-0.364,0.0577,0.987,0.7534,0.599
2014-03-19,15.643,-0.1467,-0.472,0.0632,0.946,0.7634,0.599
2014-03-29,15.834,-0.2602,-0.395,0.0849,1.018,0.7455,0.599
2014-04-08,16.074,0.0074,-0.396,0.0691,0.971,0.7574,0.600
2014-04-18,15.871,0.0131,-0.261,0.0642,0.996,0.7510,0.600
2014-04-28,16.285,0.0662,-0.549,0.0697,1.007,0.7482,0.600
2014-05-08,15.955,-0.0330,-0.425,0.0555,1.064,0.7339,0.600
2014-05-18,15.220,0.0137,-0.292,0.0828,0.973,0.7567,0.600
2014-05-28,15.631,-0.0412,-0.285,0.0628,1.011,0.7473,0.600
2014-06-07,15.495,0.0511,-0.161,0.0740,1.047,0.7382,0.600
2014-06-17,14.886,-0.2015,-0.559,0.0738,1.071,0.7322,0.601
2014-06-27,14.866,-0.1497,-0.770,0.0750,0.909,0.7727,0.601
2014-07-07,15.108,-0.0405,-0.346,0.0871,1.002,0.7496,0.601
2014-07-17,15.244,-0.1445,-0.402,0.0763,1.000,0.7500,0.601
2014-07-27,15.237,-0.1836,-0.419,0.0792,1.035,0.7413,0.601
2014-08-06,15.486,-0.1201,-0.299,0.0747,0.946,0.7635,0.601
2014-08-16,15.105,-0.1689,-0.425,0.0721,0.993,0.7518,0.601
2014-08-26,15.230,-0.0045,-0.498,0.0684,1.009,0.7477,0.601
2014-09-05,15.249,0.0257,-0.347,0.0736,1.061,0.7349,0.602
2014-09-15,15.554,0.0057,-0.357,0.0753,1.079,0.7302,0.602
2014-09-25,15.261,-0.0237,-0.224,0.0677,0.971,0.7572,0.602
2014-10-05,15.099,-0.1433,-0.564,0.0587,1.048,0.7381,0.602
2014-10-15,15.528,-0.2388,-0.292,0.0609,1.100,0.7251,0.602
2014-10-25,15.529,-0.0321,-0.465,0.0500,1.131,0.7172,0.602
2014-11-04,15.934,-0.0673,-0.316,0.0612,1.110,0.7226,0.602
2014-11-14,15.267,-0.0201,-0.358,0.0682,1.036,0.7411,0.603
2014-11-24,15.445,0.0829,-0.381,0.0749,0.983,0.7542,0.603
2014-12-04,15.529,-0.1800,-0.420,0.0503,0.905,0.7738,0.603
2014-12-14,15.190,-0.1768,-0.528,0.0575,0.969,0.7577,0.603
2014-12-24,15.025,-0.2210,-0.538,0.0576,1.044,0.7391,0.603
2015-01-03,15.708,-0.0685,-0.336,0.0797,0.998,0.7506,0.603
2015-01-13,16.083,-0.1134,-0.486,0.0641,0.919,0.7702,0.603
2015-01-23,15.735,0.0222,-0.605,0.0701,0.989,0.7528,0.603
2015-02-02,15.126,0.0515,-0.360,0.0662,0.952,0.7621,0.604
2015-02-12,14.791,-0.0434,-0.227,0.0925,1.181,0.7048,0.604
2015-02-22,15.072,-0.1182,-0.393,0.0677,1.112,0.7220,0.604
2015-03-04,15.478,-0.1302,-0.218,0.0849,1.055,0.7362,0.604
2015-03-14,14.902,-0.1216,-0.660,0.0767,1.001,0.7498,0.604
2015-03-24,14.993,-0.2249,-0.514,0.0854,1.114,0.7215,0.604
2015-04-03,14.718,0.0005,-0.480,0.0767,1.096,0.7260,0.604
2015-04-13,15.206,0.0372,-0.648,0.0789,1.044,0.7391,0.604
2015-04-23,15.209,-0.1549,-0.528,0.0741,1.038,0.7405,0.605
2015-05-03,15.541,0.0154,-0.467,0.0679,0.967,0.7582,0.605
2015-05-13,15.804,-0.0125,-0.343,0.0786,0.951,0.7623,0.605
2015-05-23,15.864,-0.2004,-0.679,0.0701,1.078,0.7305,0.605
2015-06-02,15.278,-0.1026,-0.391,0.0829,1.038,0.7406,0.605
2015-06-12,15.270,0.0239,-0.327,0.0717,0.925,0.7688,0.605
2015-06-22,15.223,0.0466,-0.386,0.0748,0.962,0.7595,0.605
2015-07-02,14.945,-0.1624,-0.168,0.0564,1.028,0.7430,0.606
2015-07-12,14.818,0.1289,-0.376,0.0793,1.096,0.7260,0.606
2015-07-22,15.018,0.0256,-0.569,0.0771,1.089,0.7277,0.606
2015-08-01,14.735,-0.1017,-0.279,0.0800,1.080,0.7300,0.606
2015-08-11,14.151,-0.1591,-0.332,0.0690,1.106,0.7235,0.606
2015-08-21,14.780,-0.0639,-0.484,0.0811,0.969,0.7577,0.606
2015-08-31,15.092,-0.0813,-0.655,0.0766,1.053,0.7367,0.606
2015-09-10,15.277,-0.0562,-0.465,0.0851,1.060,0.7349,0.606
2015-09-20,15.866,-0.0664,-0.336,0.0737,1.102,0.7245,0.607
2015-09-30,15.717,-0.1165,-0.403,0.0655,0.990,0.7526,0.607
2015-10-10,14.470,0.0931,-0.392,0.0765,1.006,0.7485,0.607
2015-10-20,14.394,0.1711,-0.304,0.0738,1.082,0.7295,0.607
2015-10-30,14.311,-0.0116,-0.414,0.0579,1.064,0.7340,0.607
2015-11-09,14.834,-0.1423,-0.322,0.0794,1.137,0.7157,0.607
2015-11-19,15.038,0.0220,-0.323,0.0561,1.105,0.7236,0.607
2015-11-29,14.772,-0.0420,-0.243,0.0701,1.098,0.7254,0.608
2015-12-09,14.910,0.0574,-0.171,0.0646,1.101,0.7247,0.608
2015-12-19,14.405,-0.3112,-0.427,0.0823,1.054,0.7366,0.608
2015-12-29,14.394,-0.0762,-0.388,0.0828,0.943,0.7641,0.608
2016-01-08,14.423,0.0335,-0.484,0.0600,0.962,0.7595,0.608
2016-01-18,14.473,0.0462,-0.523,0.0816,1.045,0.7388,0.608
2016-01-28,14.317,0.0756,-0.588,0.0732,0.989,0.7527,0.608
2016-02-07,14.866,0.0081,-0.724,0.0674,1.016,0.7460,0.608
2016-02-17,14.982,0.0307,-0.547,0.0763,0.938,0.7655,0.609
2016-02-27,15.404,-0.1556,-0.747,0.0766,1.163,0.7092,0.609
2016-03-08,15.365,-0.0887,-0.519,0.0701,1.090,0.7275,0.609
2016-03-18,14.790,-0.0039,-0.497,0.0820,1.013,0.7466,0.609
2016-03-28,15.451,-0.0751,-0.350,0.0730,1.014,0.7466,0.609
2016-04-07,15.570,-0.0043,-0.599,0.0812,1.072,0.7320,0.609
2016-04-17,15.324,-0.1514,-0.391,0.0673,1.328,0.6680,0.609
2016-04-27,15.130,-0.0462,-0.356,0.0789,0.937,0.7656,0.610
2016-05-07,14.923,0.0117,-0.487,0.0768,0.971,0.7572,0.610
2016-05-17,15.667,0.1539,-0.637,0.0779,1.220,0.6951,0.610
2016-05-27,15.269,0.2147,-0.509,0.0798,1.155,0.7112,0.610
2016-06-06,15.160,-0.1557,-0.447,0.0810,0.956,0.7609,0.610
2016-06-16,15.444,0.0093,-0.574,0.0884,1.230,0.6925,0.610
2016-06-26,15.427,-0.0191,-0.231,0.0741,1.125,0.7187,0.610
2016-07-06,15.370,0.0397,-0.466,0.0744,1.027,0.7433,0.610
2016-07-16,15.473,0.0596,-0.316,0.0713,1.157,0.7108,0.611
2016-07-26,15.576,0.1102,-0.648,0.0918,1.045,0.7387,0.611
2016-08-05,15.152,0.2274,-0.687,0.0969,1.020,0.7451,0.611
2016-08-15,15.101,0.0833,-0.435,0.0539,1.209,0.6976,0.611
2016-08-25,15.355,-0.0611,-0.497,0.0672,0.982,0.7544,0.611
2016-09-04,14.869,-0.0270,-0.505,0.0724,1.051,0.7373,0.611
2016-09-14,15.258,-0.1087,-0.380,0.0737,1.030,0.7424,0.611
2016-09-24,15.316,0.1085,-0.272,0.0807,0.957,0.7608,0.612
2016-10-04,15.475,-0.0181,-0.321,0.0807,1.059,0.7352,0.612
2016-10-14,15.468,0.1309,-0.603,0.0815,1.023,0.7441,0.612
2016-10-24,15.999,0.1277,-0.741,0.0644,1.019,0.7452,0.612
2016-11-03,15.235,0.1804,-0.512,0.0688,1.203,0.6991,0.612
2016-11-13,15.918,0.0752,-0.471,0.0737,1.172,0.7070,0.612
2016-11-23,15.504,0.0706,-0.446,0.0884,0.994,0.7516,0.612
2016-12-03,16.024,-0.0309,-0.390,0.0836,1.192,0.7019,0.612
2016-12-13,15.719,-0.0392,-0.376,0.0829,1.015,0.7461,0.613
2016-12-23,14.524,-0.0478,-0.614,0.0830,1.251,0.6873,0.613
2017-01-02,14.773,-0.0973,-0.490,0.0708,1.154,0.7116,0.613
2017-01-12,14.982,-0.0081,-0.234,0.0723,1.098,0.7255,0.613
2017-01-22,14.932,0.1810,-0.556,0.0670,1.121,0.7198,0.613
2017-02-01,14.818,0.0692,-0.512,0.0731,1.139,0.7152,0.613
2017-02-11,15.274,0.0184,-0.481,0.0745,0.994,0.7515,0.613
2017-02-21,15.104,-0.1739,-0.389,0.0622,1.126,0.7184,0.613
2017-03-03,14.660,-0.0720,0.046,0.0589,0.931,0.7674,0.614
2017-03-13,14.747,0.0017,-0.727,0.0612,1.069,0.7327,0.614
2017-03-23,15.026,0.0303,-0.563,0.0775,1.047,0.7382,0.614
2017-04-02,15.240,-0.0251,-0.273,0.0601,1.100,0.7249,0.614
2017-04-12,15.045,0.0867,-0.453,0.0818,1.089,0.7278,0.614
2017-04-22,14.947,-0.0009,-0.634,0.0768,1.085,0.7288,0.614
2017-05-02,15.218,-0.0888,-0.274,0.0814,1.124,0.7189,0.614
2017-05-12,14.670,-0.0166,-0.228,0.0826,0.934,0.7665,0.615
2017-05-22,14.949,0.0088,-0.685,0.0876,1.093,0.7269,0.615
2017-06-01,14.733,0.1611,-0.472,0.0702,1.052,0.7370,0.615
2017-06-11,14.474,0.0869,-0.359,0.0679,1.166,0.7084,0.615
2017-06-21,14.680,-0.1041,-0.745,0.1019,1.018,0.7455,0.615
2017-07-01,14.899,-0.1379,-0.613,0.0857,1.208,0.6980,0.615
2017-07-11,14.837,0.2491,-0.631,0.0710,1.088,0.7281,0.615
2017-07-21,15.352,-0.0038,-0.714,0.0852,1.121,0.7197,0.615
2017-07-31,15.261,0.0004,-0.447,0.0919,1.154,0.7115,0.616
2017-08-10,15.734,-0.0603,-0.496,0.0784,1.174,0.7065,0.616
2017-08-20,15.584,-0.0677,-0.447,0.0735,0.985,0.7539,0.616
2017-08-30,15.188,-0.1100,-0.540,0.0682,1.057,0.7357,0.616
2017-09-09,15.012,0.0550,-0.619,0.0812,1.158,0.7105,0.616
2017-09-19,15.301,0.1521,-0.427,0.0819,1.072,0.7321,0.616
2017-09-29,15.084,0.0736,-0.516,0.0746,1.060,0.7350,0.616
2017-10-09,14.442,0.0927,-0.429,0.0776,1.036,0.7410,0.617
2017-10-19,14.720,-0.0040,-0.362,0.0794,1.299,0.6752,0.617
2017-10-29,14.776,-0.1121,-0.541,0.0764,1.033,0.7417,0.617
2017-11-08,14.693,0.1706,-0.437,0.0680,1.016,0.7461,0.617
2017-11-18,14.938,0.1796,-0.452,0.0807,1.201,0.6998,0.617
2017-11-28,15.231,0.0866,-0.449,0.0879,1.150,0.7125,0.617
2017-12-08,14.978,0.0678,-0.569,0.0847,1.094,0.7265,0.617
2017-12-18,14.930,0.0365,-0.639,0.0781,1.120,0.7201,0.617
2017-12-28,14.301,0.0319,-0.538,0.0959,1.011,0.7472,0.618
2018-01-07,14.424,0.1046,-0.585,0.0913,1.048,0.7380,0.618
2018-01-17,15.067,0.0259,-0.918,0.0670,1.103,0.7243,0.618
2018-01-27,15.512,0.0472,-0.549,0.0751,0.928,0.7680,0.618
2018-02-06,15.861,0.0904,-0.587,0.0756,1.056,0.7360,0.618
2018-02-16,15.563,-0.0330,-0.426,0.0640,1.229,0.6927,0.618
2018-02-26,15.402,0.0954,-0.474,0.0784,1.059,0.7353,0.618
2018-03-08,14.963,0.2343,-0.445,0.0737,1.081,0.7298,0.619
2018-03-18,15.275,0.0196,-0.415,0.0685,1.149,0.7128,0.619
2018-03-28,15.302,-0.0924,-0.400,0.0761,1.086,0.7285,0.619
2018-04-07,15.119,0.2624,-0.636,0.0811,1.072,0.7321,0.619
2018-04-17,15.145,0.1119,-0.481,0.0685,1.103,0.7241,0.619
2018-04-27,14.786,0.0560,-0.684,0.0876,1.054,0.7366,0.619
2018-05-07,14.620,-0.0939,-0.437,0.0659,0.962,0.7596,0.619
2018-05-17,14.460,0.2330,-0.538,0.0783,1.086,0.7284,0.619
2018-05-27,14.132,0.0295,-0.603,0.0764,1.135,0.7162,0.620
2018-06-06,14.251,0.0216,-0.504,0.0784,1.101,0.7249,0.620
2018-06-16,15.029,0.2200,-0.611,0.0648,1.006,0.7484,0.620
2018-06-26,14.911,0.0352,-0.511,0.0915,1.228,0.6929,0.620
2018-07-06,14.595,-0.1551,-0.407,0.0804,0.930,0.7676,0.620
2018-07-16,14.597,0.1467,-0.551,0.0862,1.096,0.7260,0.620
2018-07-26,14.870,-0.0779,-0.619,0.0779,1.059,0.7353,0.620
2018-08-05,14.895,-0.0019,-0.285,0.0778,1.140,0.7150,0.621
2018-08-15,15.115,0.2977,-0.478,0.0716,1.102,0.7244,0.621
2018-08-25,15.388,-0.0082,-0.640,0.0726,1.139,0.7152,0.621
2018-09-04,15.221,0.0735,-0.405,0.0623,1.104,0.7240,0.621
2018-09-14,14.773,0.1257,-0.338,0.0597,1.121,0.7197,0.621
2018-09-24,14.579,0.1911,-0.681,0.0816,0.985,0.7538,0.621
2018-10-04,14.209,0.1901,-0.502,0.0773,0.967,0.7584,0.621
2018-10-14,13.836,0.2664,-0.561,0.0941,1.049,0.7379,0.621
2018-10-24,14.173,0.1843,-0.403,0.0734,1.171,0.7072,0.622
2018-11-03,14.462,0.1081,-0.378,0.0655,1.076,0.7311,0.622
2018-11-13,14.593,0.0316,-0.619,0.0723,1.047,0.7382,0.622
2018-11-23,14.846,0.1228,-0.650,0.0882,1.094,0.7265,0.622
2018-12-03,14.019,0.2475,-0.466,0.0656,1.020,0.7450,0.622
2018-12-13,14.454,0.1374,-0.555,0.0686,1.035,0.7413,0.622
2018-12-23,14.940,0.1734,-0.197,0.0802,1.142,0.7145,0.622
2019-01-02,15.286,0.0179,-0.222,0.0798,1.120,0.7200,0.622
2019-01-12,15.410,0.1435,-0.211,0.0763,1.124,0.7191,0.623
2019-01-22,15.268,0.0987,-0.532,0.0777,1.149,0.7128,0.623
2019-02-01,15.348,0.1473,-0.551,0.0927,1.137,0.7158,0.623
2019-02-11,15.416,0.1587,-0.491,0.0864,1.164,0.7090,0.623
2019-02-21,15.158,-0.0035,-0.274,0.0737,1.094,0.7265,0.623
2019-03-03,14.760,0.1666,-0.473,0.0868,1.136,0.7161,0.623
2019-03-13,14.995,0.1082,-0.499,0.0833,1.143,0.7141,0.623
2019-03-23,15.143,0.3444,-0.550,0.0676,1.041,0.7397,0.624
2019-04-02,15.237,0.0242,-0.230,0.0919,1.195,0.7011,0.624
2019-04-12,15.572,0.0052,-0.756,0.1017,1.056,0.7361,0.624
2019-04-22,15.777,0.0393,-0.537,0.0657,1.206,0.6984,0.624
2019-05-02,15.625,0.0968,-0.618,0.0768,1.068,0.7331,0.624
2019-05-12,15.219,0.0035,-0.359,0.0837,0.934,0.7664,0.624
2019-05-22,15.134,0.1987,-0.586,0.0815,0.992,0.7520,0.624
2019-06-01,15.203,0.1794,-0.814,0.0586,1.315,0.6714,0.624
2019-06-11,14.513,-0.0293,-0.234,0.0673,1.070,0.7325,0.625
2019-06-21,14.654,0.1691,-0.524,0.0607,1.173,0.7067,0.625
2019-07-01,15.246,-0.0748,-0.553,0.0821,1.232,0.6919,0.625
2019-07-11,15.288,0.1759,-0.582,0.0948,1.384,0.6540,0.625
2019-07-21,15.096,0.0829,-0.331,0.0955,1.081,0.7298,0.625
2019-07-31,15.340,0.1566,-0.311,0.0956,1.203,0.6992,0.625
2019-08-10,15.274,0.1882,-0.248,0.0710,1.136,0.7159,0.625
2019-08-20,14.654,0.2975,-0.525,0.0740,1.148,0.7131,0.626
2019-08-30,14.165,0.0953,-0.147,0.0519,1.092,0.7269,0.626
2019-09-09,14.603,0.2007,-0.392,0.0719,1.032,0.7420,0.626
2019-09-19,14.693,0.0523,-0.440,0.0725,1.276,0.6811,0.626
2019-09-29,14.692,0.1551,-0.790,0.0767,1.133,0.7168,0.626
2019-10-09,14.781,0.2940,-0.529,0.0832,1.082,0.7295,0.626
2019-10-19,14.632,0.1421,-0.516,0.0794,1.171,0.7073,0.626
2019-10-29,15.082,0.1985,-0.612,0.0865,1.304,0.6739,0.626
2019-11-08,15.051,0.3005,-0.697,0.0760,1.305,0.6737,0.627
2019-11-18,14.632,0.1189,-0.705,0.0940,1.177,0.7057,0.627
2019-11-28,14.632,0.0914,-0.564,0.0842,1.152,0.7119,0.627
2019-12-08,14.709,0.2382,-0.424,0.0756,1.082,0.7295,0.627
2019-12-18,14.503,-0.0405,-0.584,0.0873,1.148,0.7130,0.627
2019-12-28,14.149,0.1675,-0.427,0.0858,1.062,0.7344,0.627
2020-01-07,14.522,0.2075,-0.394,0.0827,1.242,0.6894,0.627
2020-01-17,14.734,0.0706,-0.575,0.0775,1.048,0.7381,0.628
2020-01-27,14.742,0.0105,-0.458,0.0786,1.095,0.7263,0.628
2020-02-06,14.354,0.0832,-0.506,0.0750,1.040,0.7399,0.628
2020-02-16,14.851,0.1412,-0.532,0.0798,1.163,0.7094,0.628
2020-02-26,14.880,0.1769,-0.479,0.0781,1.016,0.7460,0.628
2020-03-07,14.400,0.1595,-0.243,0.0831,1.083,0.7292,0.628
2020-03-17,13.743,0.1228,-0.460,0.0861,1.208,0.6980,0.628
2020-03-27,14.086,0.1618,-0.762,0.0766,1.209,0.6977,0.628
2020-04-06,13.826,0.0722,-0.775,0.0927,1.267,0.6833,0.629
2020-04-16,15.176,0.2457,-0.654,0.0761,1.296,0.6759,0.629
2020-04-26,14.898,0.3404,-0.684,0.0934,1.110,0.7225,0.629
2020-05-06,14.850,0.1787,-0.724,0.1069,1.235,0.6914,0.629
2020-05-16,14.301,0.4903,-0.682,0.0854,1.144,0.7139,0.629
2020-05-26,14.380,0.2153,-0.513,0.0884,1.260,0.6851,0.629
2020-06-05,14.741,0.0420,-0.410,0.0770,1.109,0.7228,0.629
2020-06-15,14.434,0.2065,-0.441,0.0814,1.251,0.6873,0.629
2020-06-25,14.952,0.0755,-0.677,0.0660,1.256,0.6860,0.630
2020-07-05,14.614,0.1513,-0.518,0.0899,1.087,0.7283,0.630
2020-07-15,14.827,0.0141,-0.402,0.0825,1.202,0.6995,0.630
2020-07-25,14.836,0.2393,-0.415,0.0815,1.198,0.7004,0.630
2020-08-04,14.892,0.1080,-0.485,0.0604,1.083,0.7292,0.630
2020-08-14,14.700,0.1326,-0.377,0.0968,1.073,0.7317,0.630
2020-08-24,14.629,0.2538,-0.599,0.0795,1.148,0.7129,0.630
2020-09-03,14.747,0.1295,-0.327,0.0838,0.949,0.7629,0.631
2020-09-13,14.437,0.2812,-0.669,0.0741,1.162,0.7095,0.631
2020-09-23,14.279,0.2139,-0.622,0.0940,1.180,0.7051,0.631
2020-10-03,13.820,0.1282,-0.580,0.0936,1.198,0.7006,0.631
2020-10-13,14.083,0.2496,-0.464,0.0766,1.045,0.7388,0.631
2020-10-23,14.410,0.0339,-0.294,0.0746,1.210,0.6976,0.631
2020-11-02,14.979,0.2764,-0.470,0.0777,1.024,0.7441,0.631
2020-11-12,14.468,0.2026,-0.509,0.0838,1.280,0.6800,0.631
2020-11-22,14.506,0.1487,-0.458,0.0877,1.323,0.6693,0.632
2020-12-02,14.473,0.1128,-0.557,0.0941,1.096,0.7261,0.632
2020-12-12,14.479,0.0738,-0.533,0.0778,1.229,0.6928,0.632
2020-12-22,14.796,0.3248,-0.378,0.0945,1.110,0.7225,0.632
2021-01-01,14.407,0.1050,-0.326,0.0875,1.224,0.6941,0.632
2021-01-11,14.659,0.1932,-0.474,0.0918,1.060,0.7350,0.632
2021-01-21,14.546,0.0977,-0.628,0.0899,0.994,0.7516,0.632
2021-01-31,14.742,0.1743,-0.571,0.0837,1.268,0.6829,0.633
2021-02-10,14.911,0.1944,-0.812,0.0791,1.243,0.6893,0.633
2021-02-20,14.512,0.0983,-0.460,0.0891,1.214,0.6964,0.633
2021-03-02,14.225,0.2902,-0.593,0.0750,1.121,0.7197,0.633
2021-03-12,14.483,0.2298,-0.548,0.0909,1.234,0.6914,0.633
2021-03-22,14.389,0.1466,-0.459,0.0711,1.211,0.6973,0.633
2021-04-01,14.672,0.0637,-0.417,0.0913,1.126,0.7186,0.633
2021-04-11,14.696,0.2876,-0.482,0.0802,1.076,0.7311,0.633
2021-04-21,14.296,0.3012,-0.591,0.0861,1.170,0.7076,0.634
2021-05-01,14.308,0.0094,-0.696,0.0857,1.208,0.6979,0.634
2021-05-11,14.667,0.1869,-0.473,0.0763,1.297,0.6757,0.634
2021-05-21,14.283,0.2035,-0.569,0.0807,1.299,0.6753,0.634
2021-05-31,14.401,0.1212,-0.485,0.0824,1.148,0.7131,0.634
2021-06-10,15.041,0.3748,-0.586,0.1024,1.189,0.7028,0.634
2021-06-20,14.550,0.2031,-0.631,0.1058,1.134,0.7165,0.634
2021-06-30,14.418,0.1903,-0.342,0.0767,1.118,0.7204,0.635
2021-07-10,14.437,0.2181,-0.209,0.0910,1.154,0.7116,0.635
2021-07-20,14.382,0.3104,-0.631,0.0998,1.291,0.6772,0.635
2021-07-30,14.440,0.1134,-0.759,0.0921,1.276,0.6809,0.635
2021-08-09,14.013,0.2190,-0.451,0.0780,1.269,0.6829,0.635
2021-08-19,13.770,0.2657,-0.837,0.0719,1.219,0.6952,0.635
2021-08-29,13.858,0.1642,-0.591,0.0847,1.282,0.6795,0.635
2021-09-08,13.881,0.2631,-0.459,0.0861,1.124,0.7190,0.635
2021-09-18,14.200,0.2878,-0.521,0.0863,1.242,0.6894,0.636
2021-09-28,14.196,0.3518,-0.362,0.0967,1.271,0.6822,0.636
2021-10-08,14.430,0.1457,-0.634,0.0682,1.119,0.7203,0.636
2021-10-18,14.254,0.2399,-0.787,0.1003,1.103,0.7242,0.636
2021-10-28,14.350,0.2305,-0.387,0.0909,1.253,0.6867,0.636
2021-11-07,14.539,0.2998,-0.789,0.0926,1.168,0.7079,0.636
2021-11-17,14.449,0.3332,-0.538,0.0793,1.204,0.6989,0.636
2021-11-27,15.002,0.0854,-0.420,0.0715,1.091,0.7274,0.637
2021-12-07,14.668,0.1216,-0.739,0.0853,1.186,0.7035,0.637
2021-12-17,15.363,0.1765,-0.686,0.1010,1.147,0.7132,0.637
2021-12-27,15.019,0.2136,-0.463,0.0792,1.113,0.7218,0.637
2022-01-06,14.489,0.0499,-0.548,0.0897,1.183,0.7042,0.637
2022-01-16,14.684,0.1336,-0.721,0.0872,1.367,0.6582,0.637
2022-01-26,14.332,0.3051,-0.465,0.0774,1.206,0.6986,0.637
2022-02-05,14.554,0.2903,-0.218,0.1044,1.113,0.7219,0.637
2022-02-15,14.668,0.2283,-0.548,0.0753,1.166,0.7085,0.638
2022-02-25,14.818,0.1029,-0.791,0.0929,1.135,0.7162,0.638
2022-03-07,14.853,0.1786,-0.401,0.0900,1.210,0.6976,0.638
2022-03-17,14.633,0.1046,-0.430,0.0692,1.101,0.7246,0.638
2022-03-27,14.231,0.2945,-0.883,0.0802,1.048,0.7381,0.638
2022-04-06,14.077,0.3261,-0.468,0.0778,1.269,0.6828,0.638
2022-04-16,14.065,0.2625,-0.527,0.0959,1.274,0.6816,0.638
2022-04-26,14.037,0.2355,-0.490,0.0972,1.157,0.7108,0.638
2022-05-06,14.376,0.1340,-0.639,0.1032,1.218,0.6954,0.639
2022-05-16,14.698,0.2760,-0.520,0.0701,1.340,0.6650,0.639
2022-05-26,13.755,0.1296,-0.630,0.0879,1.095,0.7263,0.639
2022-06-05,14.055,0.1392,-0.722,0.0929,1.077,0.7307,0.639
2022-06-15,14.094,0.2210,-0.499,0.0740,1.259,0.6852,0.639
2022-06-25,14.606,0.3123,-0.273,0.0951,1.040,0.7400,0.639
2022-07-05,14.490,0.2736,-0.582,0.0749,1.167,0.7083,0.639
2022-07-15,14.426,0.1881,-0.786,0.1013,1.109,0.7228,0.640
2022-07-25,14.164,0.0820,-0.509,0.0717,1.186,0.7034,0.640
2022-08-04,14.280,0.2838,-0.531,0.0913,1.206,0.6984,0.640
2022-08-14,13.908,0.3038,-0.624,0.0966,1.347,0.6633,0.640
2022-08-24,13.581,0.0760,-0.499,0.0934,1.249,0.6876,0.640
2022-09-03,13.270,0.1473,-0.340,0.0758,1.249,0.6878,0.640
2022-09-13,13.503,0.2535,-0.651,0.0835,1.285,0.6786,0.640
2022-09-23,14.200,0.1662,-0.543,0.0760,1.183,0.7042,0.640
2022-10-03,13.958,0.4403,-0.436,0.0915,1.176,0.7061,0.641
2022-10-13,14.008,0.2716,-0.378,0.0992,1.111,0.7224,0.641
2022-10-23,14.210,0.2733,-0.420,0.0979,1.260,0.6850,0.641
2022-11-02,14.467,0.1810,-0.650,0.0816,1.316,0.6709,0.641
2022-11-12,14.488,0.2558,-0.723,0.1043,1.153,0.7117,0.641
2022-11-22,14.144,0.1465,-0.529,0.0844,1.239,0.6903,0.641
2022-12-02,13.954,0.2554,-0.715,0.0989,1.196,0.7009,0.641
2022-12-12,14.052,0.2071,-0.740,0.0705,1.136,0.7159,0.642
2022-12-22,13.866,0.1368,-0.220,0.0888,1.176,0.7060,0.642
2023-01-01,14.258,0.2393,-0.381,0.0804,1.138,0.7154,0.642
2023-01-11,14.452,0.3248,-0.218,0.0906,1.295,0.6762,0.642
2023-01-21,14.175,0.2353,-0.551,0.0963,1.127,0.7184,0.642
2023-01-31,14.209,0.2069,-0.595,0.0931,1.226,0.6935,0.642
2023-02-10,14.272,0.3978,-0.378,0.0929,1.280,0.6800,0.642
2023-02-20,13.679,0.2295,-0.546,0.0893,1.287,0.6782,0.642
2023-03-02,13.296,0.1932,-0.547,0.0821,1.268,0.6830,0.643
2023-03-12,13.760,0.2447,-0.558,0.1007,1.108,0.7229,0.643
2023-03-22,13.589,0.1268,-0.314,0.0960,1.227,0.6933,0.643
2023-04-01,13.929,0.4149,-0.709,0.0784,1.199,0.7001,0.643
2023-04-11,13.548,0.1252,-0.226,0.0887,1.119,0.7204,0.643
2023-04-21,14.098,0.1119,-0.562,0.1013,1.165,0.7088,0.643
2023-05-01,13.799,0.3293,-0.831,0.0980,1.299,0.6751,0.643
2023-05-11,13.677,0.2226,-0.666,0.0984,1.152,0.7121,0.644
2023-05-21,13.548,0.3974,-0.605,0.0943,1.247,0.6884,0.644
2023-05-31,13.873,0.4097,-0.502,0.0761,1.375,0.6561,0.644
2023-06-10,14.002,0.2200,-0.731,0.0937,1.139,0.7153,0.644
2023-06-20,14.171,0.3899,-0.840,0.1015,1.353,0.6618,0.644
2023-06-30,14.591,0.2397,-0.630,0.0822,1.111,0.7222,0.644
2023-07-10,14.614,0.2797,-0.590,0.0873,1.175,0.7063,0.644
2023-07-20,14.659,0.3177,-0.661,0.0811,1.352,0.6619,0.644
2023-07-30,14.552,0.4169,-0.595,0.1017,1.200,0.6999,0.645
2023-08-09,14.650,0.2858,-0.598,0.0745,1.248,0.6881,0.645
2023-08-19,15.145,0.1857,-0.486,0.1121,1.114,0.7214,0.645
2023-08-29,14.841,0.2138,-0.573,0.1012,1.302,0.6744,0.645
2023-09-08,14.255,0.4229,-0.534,0.0859,1.279,0.6803,0.645
2023-09-18,14.027,0.2519,-0.523,0.0905,1.153,0.7118,0.645
2023-09-28,13.993,0.4127,-0.538,0.0828,1.286,0.6786,0.645
2023-10-08,14.218,0.3098,-0.503,0.0895,1.164,0.7089,0.646
2023-10-18,14.480,0.3748,-0.703,0.0858,1.225,0.6937,0.646
2023-10-28,14.873,0.3738,-0.576,0.0935,1.197,0.7007,0.646
2023-11-07,14.435,0.1300,-0.751,0.0971,1.122,0.7194,0.646
2023-11-17,14.703,0.2613,-0.842,0.0859,1.419,0.6453,0.646
2023-11-27,14.340,0.3059,-0.713,0.0855,1.200,0.6999,0.646
2023-12-07,14.159,0.2360,-0.747,0.0894,1.287,0.6782,0.646
2023-12-17,14.248,0.3268,-0.337,0.0876,1.257,0.6858,0.646
2023-12-27,14.041,0.2405,-0.664,0.0917,1.214,0.6966,0.647
2024-01-06,13.508,0.4720,-0.714,0.0811,1.272,0.6820,0.647
2024-01-16,13.487,0.2880,-0.614,0.0731,1.114,0.7215,0.647
2024-01-26,13.470,0.2576,-0.485,0.0751,1.287,0.6782,0.647
2024-02-05,13.188,0.3590,-0.396,0.0825,1.360,0.6600,0.647
2024-02-15,13.676,0.0975,-0.620,0.0881,1.076,0.7309,0.647
2024-02-25,14.120,0.2530,-0.510,0.1070,1.189,0.7027,0.647
2024-03-06,14.003,0.4103,-0.784,0.1005,1.214,0.6964,0.647
2024-03-16,14.254,0.2502,-0.610,0.0971,1.283,0.6792,0.648
2024-03-26,14.306,0.3556,-0.496,0.0948,1.337,0.6657,0.648
2024-04-05,14.301,0.2602,-0.700,0.0953,1.240,0.6901,0.648
2024-04-15,14.079,0.5169,-0.434,0.0853,1.267,0.6834,0.648
2024-04-25,14.252,0.1790,-0.457,0.0971,1.181,0.7048,0.648
2024-05-05,14.164,0.3230,-0.608,0.0749,1.234,0.6914,0.648
2024-05-15,14.223,0.3230,-0.536,0.0970,1.104,0.7239,0.648
2024-05-25,14.052,0.1631,-0.471,0.0793,1.337,0.6657,0.649
2024-06-04,13.956,0.1748,-0.612,0.0997,1.312,0.6719,0.649
2024-06-14,13.849,0.3531,-0.526,0.0818,1.296,0.6759,0.649
2024-06-24,13.967,0.3834,-0.465,0.0945,1.215,0.6963,0.649
2024-07-04,14.240,0.2463,-0.436,0.0965,1.288,0.6779,0.649
2024-07-14,14.675,0.3260,-0.654,0.0998,1.352,0.6620,0.649
2024-07-24,14.349,0.4846,-0.600,0.0855,1.245,0.6887,0.649
2024-08-03,14.702,0.3495,-0.828,0.0851,1.269,0.6829,0.649
2024-08-13,14.350,0.3575,-0.433,0.0871,1.242,0.6894,0.650
2024-08-23,13.867,0.4051,-0.355,0.1099,1.187,0.7033,0.650
2024-09-02,13.827,0.4141,-0.439,0.0940,1.099,0.7253,0.650
2024-09-12,13.254,0.3902,-0.419,0.1034,1.193,0.7018,0.650
