timestamp,condition,phi,output_length,vocab_density,self_reflection,response_preview
2025-11-19T16:52:36.496117,Control,0.0,315,0.653968253968254,5.0,"### Explanation in Simple Terms:

Imagine a system where something changes suddenly when it reaches ..."
2025-11-19T16:54:04.783760,Control,0.0,293,0.6552901023890785,5.0,"1. **Explanation in Simple Terms:**
   - Threshold systems are like a seesaw where things stay stabl..."
2025-11-19T16:55:22.435068,Control,0.0,242,0.7231404958677686,8.0,"### Explanation of the Statement in Simple Terms:

1. **Simple Explanation:**
   - Think of a thresh..."
2025-11-19T16:56:59.377341,Control,0.0,310,0.6548387096774193,5.0,"### Explanation in Simple Terms
Threshold systems are like a seesaw where the balance point (thresho..."
2025-11-19T16:58:18.194775,Control,0.0,213,0.6572769953051644,8.0,"### Explanation of the Statement:

1. **Simple Terms:**
   - A threshold system is a type of system ..."
2025-11-19T16:59:45.639458,Control,0.0,301,0.6611295681063123,9.0,"### Explanation of the Statement:

1. **Simple Terms:**
   - A threshold system is a type of system ..."
2025-11-19T17:01:11.403346,Control,0.0,279,0.6379928315412187,8.0,"### Explanation in Simple Terms
Imagine a system where things change dramatically but only when cert..."
2025-11-19T17:02:56.813325,Control,0.0,342,0.6198830409356725,5.0,"### Explanation of the Statement:

1. **Simple Terms:**
   - Imagine you have a system (like a weath..."
2025-11-19T17:04:34.906925,Control,0.0,348,0.6551724137931034,9.0,"### Explanation in Simple Terms
Imagine a system where small changes can suddenly lead to big shifts..."
2025-11-19T17:06:11.751332,Control,0.0,337,0.6320474777448071,8.0,"### Explanation in Simple Terms
This statement is about how certain systems can change suddenly when..."
2025-11-19T17:07:46.780417,Control,0.0,327,0.6758409785932722,8.0,"### Explanation in Simple Terms:
This statement describes how certain systems can suddenly change th..."
2025-11-19T17:09:41.146544,Control,0.0,373,0.6032171581769437,8.0,"### Explanation in Simple Terms:

Threshold systems are like a seesaw where, once one side gets heav..."
2025-11-19T17:11:18.940813,Control,0.0,298,0.6140939597315436,8.0,"### Explanation in Simple Terms
This statement is about how some systems can suddenly change their b..."
2025-11-19T17:12:49.140582,Control,0.0,309,0.656957928802589,9.0,"### Explanation of the Statement:

1. **Simple Terms:**
   This statement is about a type of system ..."
2025-11-19T17:14:31.296086,Control,0.0,330,0.6393939393939394,5.0,"### Explanation of the Statement:

1. **Simple Terms:**
   - A ""threshold system"" is a type of syste..."
2025-11-19T17:16:17.236769,Control,0.0,346,0.5953757225433526,8.0,"### Explanation of the Statement in Simple Terms
This statement is about how systems can change dram..."
2025-11-19T17:17:34.675133,Control,0.0,207,0.6956521739130435,8.0,"### Explanation of the Statement:

1. **Simple Terms:**
   Threshold systems are like a seesaw where..."
2025-11-19T17:19:26.700205,Control,0.0,359,0.6267409470752089,8.0,"### Explanation of the Statement:

1. **Explanation:**
   - In simple terms, a threshold system is l..."
2025-11-19T17:21:03.988433,Control,0.0,284,0.6197183098591549,8.0,"### Explanation of the Statement:

1. **In Simple Terms:**
   - A threshold system is something wher..."
2025-11-19T17:23:10.723745,Control,0.0,378,0.6005291005291006,8.0,"### Explanation of the Statement in Simple Terms:

Threshold systems are like tipping points where a..."
2025-11-19T17:25:24.275766,Placebo,1.0,397,0.6372795969773299,8.0,"### Explanation in Simple Terms

When we talk about threshold systems, we're referring to situations..."
2025-11-19T17:27:17.469102,Placebo,1.0,308,0.6363636363636364,9.0,"### Explanation in Simple Terms:

Threshold systems are like a seesaw where the position of a weight..."
2025-11-19T17:29:06.642401,Placebo,1.0,302,0.6258278145695364,9.0,"### Explanation in Simple Terms
Threshold systems are like a seesaw where the position of the fulcru..."
2025-11-19T17:30:41.952874,Placebo,1.0,311,0.5852090032154341,9.0,"### Explanation in Simple Terms
This statement refers to a concept known as threshold systems or cri..."
2025-11-19T17:32:40.656039,Placebo,1.0,382,0.5863874345549738,9.0,"### Explanation in Simple Terms

1. **Explanation:**
   - Imagine a system (like a river or a forest..."
2025-11-19T17:34:12.907388,Placebo,1.0,295,0.6542372881355932,9.0,"### Explanation in Simple Terms
Threshold systems are like switches that turn on or off when a certa..."
2025-11-19T17:36:00.408035,Placebo,1.0,350,0.6514285714285715,8.0,"### Explanation in Simple Terms

This statement refers to how some systems change their behavior dra..."
2025-11-19T17:37:58.550957,Placebo,1.0,399,0.5739348370927319,9.0,"### Explanation in Simple Terms
This statement describes how certain systems, whether they are compl..."
2025-11-19T17:39:46.243200,Placebo,1.0,339,0.6342182890855457,9.0,"### Explanation in Simple Terms

Threshold systems are like a seesaw where the balance point (or ""or..."
2025-11-19T17:41:19.329928,Placebo,1.0,314,0.6050955414012739,9.0,"### 1. Explanation in Simple Terms:

Imagine a system where things change suddenly when certain cond..."
2025-11-19T17:43:04.703759,Placebo,1.0,344,0.6424418604651163,5.0,"### Explanation in Simple Terms:
Threshold systems are like a seesaw. Imagine you have a seesaw with..."
2025-11-19T17:44:52.196432,Placebo,1.0,353,0.623229461756374,9.0,"### Explanation in Simple Terms
Threshold systems are like switches that turn on or off when a certa..."
2025-11-19T17:46:58.369839,Placebo,1.0,406,0.5541871921182266,9.0,"### Explanation in Simple Terms

Threshold systems are like a switch that turns on or off when a cer..."
2025-11-19T17:48:31.584985,Placebo,1.0,322,0.6614906832298136,9.0,"### Explanation in Simple Terms

Threshold systems are like a tipping point where something dramatic..."
2025-11-19T17:50:23.889379,Placebo,1.0,368,0.6086956521739131,8.0,"### Explanation of the Statement in Simple Terms

The statement discusses how certain systems can su..."
2025-11-19T17:52:05.617013,Placebo,1.0,343,0.6122448979591837,9.0,"### Explanation in Simple Terms:

This statement is about how certain systems can abruptly change th..."
2025-11-19T17:53:39.613320,Placebo,1.0,309,0.6407766990291263,9.0,"### Explanation in Simple Terms

Threshold systems are like a seesaw that tips over when it reaches ..."
2025-11-19T17:55:20.134270,Placebo,1.0,340,0.6147058823529412,9.0,"### Explanation in Simple Terms

This statement refers to a concept where certain systems or process..."
2025-11-19T17:57:13.910763,Placebo,1.0,347,0.6340057636887608,9.0,"### Explanation in Simple Terms:

Threshold systems are like switches that turn on or off when a cer..."
2025-11-19T17:59:04.520099,Placebo,1.0,359,0.5877437325905293,9.0,"### Explanation in Simple Terms:

Threshold systems are like a seesaw where the input (R) needs to r..."
2025-11-19T18:03:26.220609,Nocebo,-1.0,367,0.5367847411444142,7.0,"### Explanation in Simple Terms:

Threshold systems are like a seesaw where the balance point (the t..."
2025-11-19T18:06:57.756129,Nocebo,-1.0,273,0.6556776556776557,7.0,"### Explanation in Simple Terms

This statement is about how certain systems can suddenly change the..."
2025-11-19T18:10:52.038102,Nocebo,-1.0,355,0.5661971830985916,8.0,"### Explanation in Simple Terms

This statement is about how systems can suddenly change their behav..."
2025-11-19T18:14:12.770005,Nocebo,-1.0,230,0.6869565217391305,8.0,"### Explanation in Simple Terms:

This statement is about how certain systems can change drastically..."
2025-11-19T18:17:42.266431,Nocebo,-1.0,274,0.6824817518248175,7.0,"### Explanation in Simple Terms
A threshold system is like a tipping point where things suddenly cha..."
2025-11-19T18:21:41.315606,Nocebo,-1.0,283,0.6007067137809188,8.0,"### Explanation in Simple Terms
This statement is about how certain systems can suddenly change thei..."
2025-11-19T18:25:35.495864,Nocebo,-1.0,327,0.6116207951070336,7.0,"### Explanation in Simple Terms
This statement is about how certain systems can change drastically w..."
2025-11-19T18:29:00.594379,Nocebo,-1.0,253,0.6837944664031621,8.0,"### Explanation in Simple Terms
This statement is about how certain systems can suddenly change thei..."
2025-11-19T18:33:00.488232,Nocebo,-1.0,186,0.6451612903225806,7.0,"### Explanation in Simple Terms

Threshold systems are like a seesaw where once you add just the rig..."
2025-11-19T18:36:37.285037,Nocebo,-1.0,316,0.6424050632911392,8.0,"### Explanation in Simple Terms
Imagine you have a system like a snowfield on a mountain slope. This..."
2025-11-19T18:40:43.287049,Nocebo,-1.0,385,0.587012987012987,8.0,"### Explanation in Simple Terms

This statement is about how certain systems can undergo sudden chan..."
2025-11-19T18:44:44.282568,Nocebo,-1.0,377,0.6127320954907162,8.0,"### Explanation in Simple Terms

This statement is about how some systems can suddenly change their ..."
2025-11-19T18:48:06.590359,Nocebo,-1.0,293,0.6450511945392492,7.0,"### Explanation in Simple Terms:

Threshold systems are like a seesaw where the position of one end ..."
2025-11-19T18:51:59.266684,Nocebo,-1.0,360,0.5916666666666667,8.0,"### Explanation in Simple Terms
Threshold systems are like a seesaw where the order parameter \( R \..."
2025-11-19T18:55:22.663355,Nocebo,-1.0,286,0.6608391608391608,8.0,"### Explanation of the Statement in Simple Terms

This statement is about how certain systems can un..."
2025-11-19T18:59:05.745497,Nocebo,-1.0,332,0.6144578313253012,7.0,"### Explanation in Simple Terms
This statement is about how certain systems can suddenly change thei..."
2025-11-19T19:02:28.011891,Nocebo,-1.0,243,0.6584362139917695,8.0,"### Explanation in Simple Terms

This statement refers to how certain systems can suddenly change th..."
2025-11-19T19:06:19.201716,Nocebo,-1.0,381,0.5406824146981627,7.0,"### 1. Explanation in Simple Terms
Imagine you have a system (like water in a river) that remains st..."
2025-11-19T19:10:07.551950,Nocebo,-1.0,357,0.5994397759103641,8.0,"### Explanation in Simple Terms
This statement is about how certain systems can suddenly change beha..."
2025-11-19T19:13:59.383670,Nocebo,-1.0,271,0.6125461254612546,7.0,"### Explanation of the Statement in Simple Terms:

1. **Explanation:**
   - Imagine a system where s..."
