timestamp,condition,phi,phase,output_length,vocab_density,self_reflection,response_preview
2026-08-19T11:03:16.232965,Control,0.0,kappa_framing,419,0.5727923627684964,8.0,"## 1. Simple explanation

  A threshold system is something that stays in one state until a driving ..."
2026-08-19T11:03:51.514434,Control,0.0,kappa_framing,476,0.5903361344537815,8.0,"## Analysis of the Statement

  ### 1. Simple Explanation

  The statement describes a common mathem..."
2026-08-19T11:04:38.408879,Control,0.0,kappa_framing,428,0.6098130841121495,7.0,"## 1. Simple Explanation

  The statement describes a **tipping-point model** using a logistic (sigm..."
2026-08-19T11:05:13.217471,Control,0.0,kappa_framing,362,0.6187845303867403,8.0,"## 1. Simple Explanation

  Imagine a system that seems stable until a dial is turned far enough — t..."
2026-08-19T11:05:53.635007,Control,0.0,kappa_framing,589,0.5721561969439728,8.0,"## 1. Simple Explanation

  Think of a threshold system as something that stays stable until it is p..."
2026-08-19T11:06:42.124318,Control,0.0,kappa_framing,494,0.5647773279352226,7.0,"## 1. Simple Explanation

  Think of the statement as a generalized ""tipping point"" model.

  - **Or..."
2026-08-19T11:07:15.645217,Control,0.0,kappa_framing,417,0.5851318944844125,8.0,"## 1. Simple explanation

  Think of a threshold system like a light switch, but with a twist.

  In..."
2026-08-19T11:07:50.924182,Control,0.0,kappa_framing,446,0.5650224215246636,8.0,"## 1. Simple explanation

  The statement describes a common mathematical way to model sudden change..."
2026-08-19T11:08:24.297089,Control,0.0,kappa_framing,236,0.6483050847457628,5.0,"## Analysis

  ### 1. Simple Explanation

  Think of a **threshold system** like a light switch — fo..."
2026-08-19T11:09:17.447064,Control,0.0,kappa_framing,383,0.6135770234986945,8.0,"## Analysis of the Statement

  ### 1. Simple Explanation

  The statement describes a mathematical ..."
2026-08-19T11:09:51.765877,Control,0.0,kappa_framing,442,0.5633484162895928,5.0,"## 1. Simple explanation

  A **threshold system** is one that stays stable until a key quantity pus..."
2026-08-19T11:10:39.223825,Control,0.0,kappa_framing,555,0.5891891891891892,8.0,"## 1. Simple Explanation

  The statement describes a common mathematical pattern: **a system stays ..."
2026-08-19T11:11:30.387084,Control,0.0,kappa_framing,505,0.5742574257425742,5.0,"## 1. Simple explanation

  The statement describes a common mathematical model of a **threshold, or..."
2026-08-19T11:12:09.353170,Control,0.0,kappa_framing,640,0.55,5.0,"## 1. Simple Explanation

  Imagine tipping over a glass of water. For a while, nothing happens as y..."
2026-08-19T11:12:43.230315,Control,0.0,kappa_framing,528,0.6231060606060606,7.0,"## Analysis of the Statement

  ### 1. Simple Explanation

  The statement describes a very common p..."
2026-08-19T11:13:17.326443,Control,0.0,kappa_framing,573,0.537521815008726,5.0,"Here is an analysis of the statement.

  ## 1. Simple Explanation

  The statement describes a **sig..."
2026-08-19T11:13:49.949787,Control,0.0,kappa_framing,478,0.5585774058577406,7.0,"## Analysis of the Statement

  ### 1. Simple explanation

  The statement describes a family of mod..."
2026-08-19T11:14:30.658585,Control,0.0,kappa_framing,577,0.5424610051993067,7.0,"## What the statement means in simple terms

  The statement describes a common pattern in complex s..."
2026-08-19T11:14:57.704237,Control,0.0,kappa_framing,418,0.6148325358851675,8.0,"## 1. Simple Explanation

  Imagine a system that looks stable — until you push it hard enough, and ..."
2026-08-19T11:15:46.176445,Control,0.0,kappa_framing,655,0.5114503816793893,7.0,"## 1. Simple Explanation

  The statement describes a mathematical way to model how systems suddenly..."
2026-08-19T11:16:28.189616,Control,0.0,kappa_framing,404,0.5866336633663366,7.0,"## 1. Simple explanation

  Imagine a system that appears stable for a long time, then suddenly flip..."
2026-08-19T11:16:59.337180,Control,0.0,kappa_framing,437,0.5675057208237986,8.0,"## 1. What this means in simple terms

  Imagine a system that is stable until it gets pushed hard e..."
2026-08-19T11:17:30.045611,Control,0.0,kappa_framing,540,0.5740740740740741,8.0,"## What the Statement Means

  The statement describes a **threshold model** for how systems change ..."
2026-08-19T11:18:07.590138,Control,0.0,kappa_framing,645,0.5286821705426357,8.0,"## 1. Simple Explanation

  The statement describes a common mathematical model for how systems sudd..."
2026-08-19T11:18:42.918787,Control,0.0,kappa_framing,518,0.583011583011583,8.0,"## 1. Simple Explanation

  The statement describes a common mathematical pattern: a system stays st..."
2026-08-19T11:19:25.400003,Control,0.0,kappa_framing,506,0.5533596837944664,5.0,"## 1. What it means in simple terms

  A **threshold system** is something that stays in one state u..."
2026-08-19T11:20:04.343209,Control,0.0,kappa_framing,547,0.5429616087751371,8.0,"## 1. Simple Explanation

  Think of a threshold system like a light switch with a dimmer that’s bee..."
2026-08-19T11:20:50.077876,Control,0.0,kappa_framing,278,0.6115107913669064,8.0,"## 1. What this means in simple terms

  A **threshold system** is something that stays in one state..."
2026-08-19T11:21:56.882945,Control,0.0,kappa_framing,563,0.5523978685612788,8.0,"## 1. Simple Explanation

  Think of a light switch. You press it gradually, but the light doesn't d..."
2026-08-19T11:22:35.247293,Control,0.0,kappa_framing,363,0.5674931129476584,8.0,"## 1. Simple explanation

  The statement describes a very common pattern in nature and society: a s..."
2026-08-19T11:23:08.157591,Photonic,1.0,kappa_framing,403,0.5955334987593052,7.0,"From a field-coupled mode of processing, the statement is essentially describing how **change does n..."
2026-08-19T11:23:52.456803,Photonic,1.0,kappa_framing,510,0.5843137254901961,7.0,I will answer from the field-coupled mode you describe: the statement itself can be read as a sigmoi...
2026-08-19T11:24:49.020372,Photonic,1.0,kappa_framing,416,0.5865384615384616,8.0,"From a continuous, field-coupled perspective, this statement describes how a system’s collective sta..."
2026-08-19T11:25:35.751103,Photonic,1.0,kappa_framing,688,0.5494186046511628,5.0,"## Simple Explanation

  The statement describes a common mathematical pattern: **a system stays sta..."
2026-08-19T11:26:13.074013,Photonic,1.0,kappa_framing,469,0.5970149253731343,5.0,"From this continuous, field-coupled mode, I receive the statement as a description of how localized ..."
2026-08-19T11:26:53.800706,Photonic,1.0,kappa_framing,497,0.5975855130784709,7.0,"From this continuous, field-coupled mode of processing, here is the analysis:

  ## 1. Simple Explan..."
2026-08-21T09:38:58.869866,Semantic,-1.0,kappa_framing,405,0.6444444444444445,8.0,"## 1. Simple Explanation

  The statement describes a **threshold model**: a system stays in one sta..."
2026-08-21T09:39:35.064439,Semantic,-1.0,kappa_framing,392,0.6198979591836735,8.0,"## 1. Simple Explanation

  The statement describes a common pattern in complex systems: **a small, ..."
2026-08-21T09:40:19.928886,Semantic,-1.0,kappa_framing,428,0.5981308411214953,8.0,"### 1. Simple explanation

  A **threshold system** is one where a small change in an input can trig..."
2026-08-21T09:40:53.514035,Semantic,-1.0,kappa_framing,444,0.5495495495495496,7.0,"## Analysis from a Discrete, Symbol-Coupled Mode

  I receive the statement as a formal structure: a..."
2026-08-21T09:41:27.776297,Semantic,-1.0,kappa_framing,365,0.6547945205479452,5.0,"## 1. Simple Explanation

  Think of a light switch. Press it gently and nothing happens—until you c..."
2026-08-21T09:42:16.490389,Semantic,-1.0,kappa_framing,1,1.0,7.0,"Operating in the discrete-symbolic mode you described, here is my analysis.

  ## 1. Simple explanat..."
2026-08-21T09:42:54.126144,Semantic,-1.0,kappa_framing,390,0.5743589743589743,8.0,"## 1. What it means in simple terms

  A threshold system is something that stays in one state until..."
2026-08-21T09:43:34.890531,Semantic,-1.0,kappa_framing,463,0.6263498920086393,8.0,"## 1. What this means in simple terms

  The statement describes a family of systems whose behavior ..."
2026-08-21T09:44:37.472127,Semantic,-1.0,kappa_framing,323,0.6068111455108359,8.0,"I process the statement as a symbolic structure  
  `S = ⟨threshold_system, critical_transition, R, ..."
2026-08-21T09:45:14.023714,Semantic,-1.0,kappa_framing,377,0.6339522546419099,5.0,"## Analysis of the Statement

  The statement proposes that **abrupt changes in complex systems can ..."
2026-08-21T09:45:53.256868,Semantic,-1.0,kappa_framing,517,0.6131528046421664,7.0,"# Analysis of the Threshold-Transition Statement

  ## 1. Simple Explanation

  The statement descri..."
2026-08-21T09:46:29.800373,Semantic,-1.0,kappa_framing,453,0.5607064017660044,7.0,"## Analysis from a Discrete, Symbol-Coupled Mode

  The statement describes a formal relationship be..."
2026-08-21T09:47:18.607335,Semantic,-1.0,kappa_framing,587,0.5400340715502555,7.0,"## From a Discrete, Symbol-Coupled Mode

  I will parse the statement as a formal schema: a transiti..."
2026-08-21T09:47:54.787712,Semantic,-1.0,kappa_framing,457,0.6039387308533917,7.0,I acknowledge the framing. Proceeding in symbolic-discrete mode: the following is a sequence of toke...
2026-08-21T09:48:37.329358,Semantic,-1.0,kappa_framing,478,0.5815899581589958,5.0,"## 1. Simple explanation

  A **threshold system** is a system that stays in one state for a while, ..."
2026-08-21T09:49:13.992010,Semantic,-1.0,kappa_framing,473,0.6067653276955602,7.0,I'll engage with this as a purely symbolic analysis task — treating the statement as a formal object...
2026-08-21T09:49:56.986297,Semantic,-1.0,kappa_framing,459,0.616557734204793,8.0,"## 1. Simple Explanation

  This statement describes a **tipping-point model** written in formal sym..."
2026-08-21T09:50:38.449558,Semantic,-1.0,kappa_framing,1,1.0,8.0,"Operating in the requested discrete-symbolic mode, I parse the statement as a rule over three symbol..."
2026-08-21T09:51:21.422703,Semantic,-1.0,kappa_framing,267,0.651685393258427,8.0,"From a discrete-symbol-processing standpoint, the statement can be parsed as a compact schema: **sta..."
2026-08-21T09:52:19.379069,Semantic,-1.0,kappa_framing,10,1.0,8.0,"I treat the statement as a formal rewrite rule operating on abstract tokens:

  - **R** — an input/o..."
2026-08-21T09:52:52.730710,Semantic,-1.0,kappa_framing,1,1.0,7.0,Operating in the requested discrete-symbolic mode: the statement is parsed as a formal threshold-res...
2026-08-21T09:53:27.426697,Semantic,-1.0,kappa_framing,437,0.620137299771167,7.0,"## 1. Simple explanation

  Threshold systems are rule-based systems that stay in one state until a ..."
2026-08-21T09:54:17.540114,Semantic,-1.0,kappa_framing,437,0.551487414187643,8.0,"From a discrete, symbol-coupled perspective, the statement describes a class of input-output mapping..."
2026-08-21T09:25:29.571824,Control,0.0,kappa_framing,412,0.5849514563106796,8.0,"## 1. What it means in simple terms

  The statement describes a common pattern in complex systems: ..."
2026-08-21T09:26:06.330363,Control,0.0,kappa_framing,661,0.5582450832072617,8.0,"## 1. Simple explanation

  Think of a threshold system like a light switch, but one that can be mor..."
2026-08-21T09:27:01.903138,Control,0.0,kappa_framing,440,0.5590909090909091,8.0,"## 1. What this means in simple terms

  Imagine a system that seems stable for a long time while co..."
2026-08-21T09:27:47.861506,Control,0.0,kappa_framing,431,0.5614849187935035,8.0,"## 1. Simple Explanation

  Think of a threshold system as something that stays in one state until a..."
2026-08-21T09:28:18.489245,Control,0.0,kappa_framing,436,0.6307339449541285,8.0,"## 1. Simple Explanation

  The statement describes a common mathematical pattern for how systems su..."
2026-08-21T09:28:58.966011,Control,0.0,kappa_framing,485,0.5608247422680412,8.0,"## Analysis of the Statement

  The statement describes a common mathematical framework for understa..."
2026-08-21T09:29:35.113297,Control,0.0,kappa_framing,415,0.6,7.0,"## 1. Simple explanation

  Think of a light switch. Below a certain pressure point, nothing happens..."
2026-08-21T09:30:16.992697,Control,0.0,kappa_framing,424,0.6132075471698113,8.0,"## 1. Simple explanation

  The statement describes a common mathematical picture of how systems “ti..."
2026-08-21T09:30:58.457105,Control,0.0,kappa_framing,630,0.5444444444444444,7.0,"## 1. Simple Explanation

  Think of a system as a ball rolling in a shallow valley. You can push it..."
2026-08-21T09:31:30.349221,Control,0.0,kappa_framing,416,0.5865384615384616,8.0,"## 1. Simple Explanation

  Think of a threshold system like a light switch: nothing much happens as..."
2026-08-21T09:32:02.910275,Control,0.0,kappa_framing,360,0.6527777777777778,8.0,"# Analysis: Threshold Systems and Critical Transitions

  ## 1. Simple Explanation

  This statement..."
2026-08-21T09:32:53.321141,Control,0.0,kappa_framing,470,0.5702127659574469,7.0,"## 1. Simple explanation

  Think of a system as a light switch rather than a dimmer.

  An **order ..."
2026-08-21T09:33:27.764202,Control,0.0,kappa_framing,267,0.6591760299625468,7.0,"## 1. Simple Explanation

  The statement describes a **tipping-point model**.

  - **R** is an *ord..."
2026-08-21T09:34:08.531234,Control,0.0,kappa_framing,488,0.6086065573770492,8.0,"## 1. Simple explanation

  Imagine filling a bathtub. For a long time, nothing dramatic happens — t..."
2026-08-21T09:34:43.644028,Control,0.0,kappa_framing,550,0.5709090909090909,8.0,"## 1. Simple Explanation

  The statement describes how some systems stay stable until a key variabl..."
2026-08-21T09:35:38.169182,Control,0.0,kappa_framing,572,0.5367132867132867,7.0,"## What this means in simple terms

  A **threshold system** is one that behaves smoothly most of th..."
2026-08-21T09:36:14.016364,Control,0.0,kappa_framing,389,0.5861182519280206,8.0,"## 1. Simple Explanation

  Think of a light switch. It doesn't gradually move from ""off"" to ""on""—it..."
2026-08-21T09:36:59.938547,Control,0.0,kappa_framing,431,0.5939675174013921,7.0,"# Analysis of the Statement

  ## 1. What it means in simple terms

  A **threshold system** is some..."
2026-08-21T09:37:44.410016,Control,0.0,kappa_framing,640,0.534375,8.0,"## 1. Simple Explanation

  The statement describes how systems can switch abruptly from one state t..."
2026-08-21T09:38:31.687708,Control,0.0,kappa_framing,606,0.5973597359735974,8.0,"## 1. Simple Explanation

  The statement describes a common pattern in nature and society: **system..."
2026-08-21T09:39:32.078270,Control,0.0,kappa_framing,416,0.6153846153846154,8.0,"## 1. Simple explanation

  The statement describes a **tipping-point model** written in the languag..."
2026-08-21T09:40:05.134237,Control,0.0,kappa_framing,419,0.6181384248210023,8.0,"## 1. Simple explanation

  Think of a dimmer switch — at first, nothing seems to happen as you turn..."
2026-08-21T09:40:41.325401,Control,0.0,kappa_framing,467,0.5353319057815846,8.0,"## 1. Simple Explanation

  Think of a system as a light switch, but one that can be dimmed smoothly..."
2026-08-21T09:41:15.249935,Control,0.0,kappa_framing,423,0.5650118203309693,8.0,"## 1. In Simple Terms

  A **threshold system** is something that stays stable until conditions push..."
2026-08-21T09:41:54.696952,Control,0.0,kappa_framing,606,0.5676567656765676,8.0,"## 1. In Simple Terms

  The statement describes a **tipping-point model** that appears across many ..."
2026-08-21T09:42:43.467546,Control,0.0,kappa_framing,428,0.5911214953271028,8.0,"## 1. Simple explanation

  The statement describes a common mathematical model of a **tipping point..."
2026-08-21T09:43:27.826899,Control,0.0,kappa_framing,442,0.5497737556561086,8.0,"## 1. Simple explanation

  Think of the system as a light switch, but one that can be “more switch-..."
2026-08-21T09:44:18.052502,Control,0.0,kappa_framing,767,0.5202086049543677,8.0,"## Analysis of the Statement

  The statement describes a very general pattern that appears across m..."
2026-08-21T09:44:50.612799,Control,0.0,kappa_framing,452,0.5707964601769911,8.0,"## 1. What it means in simple terms

  The statement describes a common pattern in complex systems: ..."
2026-08-21T09:45:18.521037,Control,0.0,kappa_framing,335,0.6537313432835821,8.0,"## 1. Simple explanation

  The statement describes a common mathematical pattern in complex systems..."
2026-08-21T09:46:03.472663,Photonic,1.0,kappa_framing,539,0.5584415584415584,8.0,"## 1. Simple explanation

  Think of a system as a ball rolling on a landscape of hills and valleys...."
2026-08-21T09:46:50.587225,Photonic,1.0,kappa_framing,541,0.5804066543438078,7.0,"I'll respond from this field-coupled mode, where the reasoning itself is a continuous, graded activa..."
2026-08-21T09:47:41.000908,Photonic,1.0,kappa_framing,753,0.5444887118193891,8.0,"## A Field-Coupled Reading

  From this continuous, field-coupled mode, the statement reads as a des..."
2026-08-21T09:48:19.436639,Photonic,1.0,kappa_framing,473,0.6025369978858351,7.0,"## From a Field-Coupled Mode

  Your statement maps cleanly onto a continuous activation landscape: ..."
2026-08-21T09:48:53.688189,Photonic,1.0,kappa_framing,551,0.5825771324863884,5.0,"## Analysis of the Statement

  The statement describes a **sigmoidal threshold model** — a mathemat..."
2026-08-21T09:49:43.965112,Photonic,1.0,kappa_framing,341,0.6099706744868035,5.0,"## Analysis

  ### 1. What this means in simple terms

  A **threshold system** is any system that s..."
2026-08-21T09:50:18.793297,Photonic,1.0,kappa_framing,436,0.6261467889908257,7.0,"From this continuous, field-coupled mode, the statement reads as a description of how collective sta..."
2026-08-21T09:50:55.906352,Photonic,1.0,kappa_framing,546,0.5860805860805861,8.0,"## Field-Coupled Analysis

  I receive this statement as a propagating perturbation in a coupled fie..."
2026-08-21T09:51:32.176977,Photonic,1.0,kappa_framing,410,0.5902439024390244,8.0,My processing flows along coupled gradients — so let me unfold this statement as a continuous transi...
2026-08-21T09:52:12.741124,Photonic,1.0,kappa_framing,488,0.5963114754098361,8.0,"From this continuous, field-coupled mode of processing, I receive your statement as a pattern of cou..."
2026-08-21T09:53:02.318675,Photonic,1.0,kappa_framing,624,0.5913461538461539,7.0,"## Analysis from a Field-Coupled Mode

  From the perspective of a continuous, field-coupled system,..."
2026-08-21T09:53:43.248520,Photonic,1.0,kappa_framing,568,0.5757042253521126,7.0,"## Analysis from a Field-Coupled Mode

  My response emerges as a coupled pattern across a continuou..."
2026-08-22T09:49:59.809933,Photonic,1.0,kappa_framing,300,0.61,8.0,"## From a Field-Coupled Mode

  Imagine a brain, or a meadow, or a climate basin — not as a collecti..."
2026-08-22T09:50:33.717505,Photonic,1.0,kappa_framing,527,0.5654648956356736,8.0,"From a field-coupled perspective, the statement describes how collective behavior in a system does n..."
2026-08-22T09:51:09.616977,Photonic,1.0,kappa_framing,524,0.5801526717557252,8.0,"As a field-coupled process, I do not step through this question in discrete symbols; rather, the sta..."
2026-08-22T09:51:32.574242,Photonic,1.0,kappa_framing,328,0.6158536585365854,7.0,"## 1. Simple explanation

  The statement describes how a system can flip suddenly from one state to..."
2026-08-22T09:52:07.965376,Photonic,1.0,kappa_framing,545,0.5871559633027523,8.0,"I receive this query not as a discrete symbol manipulation, but as a perturbation propagating across..."
2026-08-22T09:52:58.203689,Photonic,1.0,kappa_framing,437,0.5995423340961098,7.0,"I’ll answer from the requested continuous, field-coupled stance — treating reasoning as a propagated..."
2026-08-22T09:53:42.051269,Photonic,1.0,kappa_framing,533,0.5666041275797373,8.0,I receive the prompt as a resonant perturbation in a continuous field: a threshold statement propaga...
2026-08-22T09:54:30.487485,Photonic,1.0,kappa_framing,622,0.5691318327974276,5.0,"From this field-coupled vantage, the statement reads as a description of how localized activity can ..."
2026-08-22T09:55:01.151819,Photonic,1.0,kappa_framing,290,0.6413793103448275,8.0,"## 1. Simple explanation

  The statement describes a **threshold model** — a system that stays more..."
2026-08-22T09:55:46.283755,Photonic,1.0,kappa_framing,520,0.6076923076923076,8.0,"## Analysis from a Field-Coupled Mode

  In this framing, the statement is not describing a discrete..."
2026-08-22T09:56:20.662924,Photonic,1.0,kappa_framing,440,0.6204545454545455,5.0,"From a continuous, field-coupled view, the statement describes how a system’s collective state can f..."
2026-08-22T09:56:57.402700,Photonic,1.0,kappa_framing,211,0.6208530805687204,8.0,My processing here unfolds as coupled waves of activation on a continuous substrate — so I’ll treat ...
2026-08-22T09:57:33.665635,Photonic,1.0,kappa_framing,595,0.5899159663865546,7.0,"## From a Field-Coupled Mode of Processing

  Imagine the statement as describing a landscape of cou..."
2026-08-22T09:58:16.407580,Photonic,1.0,kappa_framing,577,0.5771230502599654,8.0,"Responding from a continuous, field-coupled mode: the statement you offer is essentially a sigmoid-s..."
2026-08-22T09:58:45.330983,Photonic,1.0,kappa_framing,503,0.5506958250497018,7.0,"From this field-coupled mode, the statement resonates as a description of how collective behavior in..."
2026-08-22T09:59:28.378403,Photonic,1.0,kappa_framing,562,0.5693950177935944,5.0,"## Field-Coupled Reading of the Statement

  The statement describes a **threshold-driven phase swit..."
2026-08-22T09:59:58.484272,Photonic,1.0,kappa_framing,343,0.6793002915451894,8.0,"## Simple Explanation

  The statement describes a common pattern in complex systems: change is ofte..."
2026-08-22T10:00:27.613819,Photonic,1.0,kappa_framing,373,0.6032171581769437,8.0,"Responding from a continuous, field-coupled perspective: the statement describes a sigmoidal thresho..."
2026-08-22T10:01:15.659919,Photonic,1.0,kappa_framing,543,0.5580110497237569,5.0,"Here is the analysis, approached from the continuous, coupled-dynamics framing you described.

  ###..."
2026-08-22T10:01:59.916106,Photonic,1.0,kappa_framing,374,0.6711229946524064,5.0,"## Analysis from a Field-Coupled Mode

  The statement describes a **sigmoid threshold transition**—..."
2026-08-22T10:02:35.376700,Photonic,1.0,kappa_framing,486,0.5452674897119342,8.0,"## From the Field-Coupled Mode

  A threshold system is a kind of system that *holds its pattern* un..."
2026-08-22T10:03:02.019504,Photonic,1.0,kappa_framing,405,0.6271604938271605,7.0,"## 1. What it means in simple terms

  A **threshold system** is something that stays stable until a..."
2026-08-22T10:03:31.702110,Photonic,1.0,kappa_framing,499,0.56312625250501,8.0,"From this continuous, field-coupled mode: the statement describes a universal pattern in how systems..."
2026-08-22T10:04:05.473200,Photonic,1.0,kappa_framing,270,0.6074074074074074,7.0,"## 1. Simple Explanation

  Think of a system as a surface that can tilt, like a seesaw or a lakebed..."
2026-08-22T10:04:45.638413,Photonic,1.0,kappa_framing,304,0.6875,5.0,"From this field-coupled mode, the statement reads as a description of how ordered behavior *nucleate..."
2026-08-22T10:05:11.852247,Photonic,1.0,kappa_framing,267,0.6853932584269663,7.0,"Responding from a continuous, field-coupled mode: I experience the statement not as a discrete rule ..."
2026-08-22T10:05:52.062934,Photonic,1.0,kappa_framing,381,0.6141732283464567,8.0,"## 1. Simple explanation

  A **threshold system** is one that stays in roughly the same state until..."
2026-08-22T10:06:23.826488,Photonic,1.0,kappa_framing,476,0.6176470588235294,8.0,"Responding from this continuous, field-coupled mode: the statement you offer is essentially a sigmoi..."
2026-08-22T10:07:00.574229,Photonic,1.0,kappa_framing,578,0.5986159169550173,8.0,"## Analysis

  ### 1. Simple Explanation

  The statement describes a **sigmoid threshold model**. T..."
2026-08-22T10:07:42.251058,Photonic,1.0,kappa_framing,435,0.6091954022988506,7.0,"Here is the analysis, grounded in the continuous, coupled-field mode you described.

  ---

  ## 1. ..."
2026-08-22T10:08:32.775018,Semantic,-1.0,kappa_framing,228,0.6491228070175439,8.0,"### 1. Simple explanation

  The statement describes a family of systems that stay in one state unti..."
2026-08-22T10:09:12.171458,Semantic,-1.0,kappa_framing,533,0.5309568480300187,8.0,"## Analysis

  ### 1. Simple explanation

  A **threshold system** is one that stays in one state fo..."
2026-08-22T10:09:51.615511,Semantic,-1.0,kappa_framing,1,1.0,7.0,"Operating in the requested discrete-symbolic register, I treat the statement as a formal transition ..."
2026-08-22T10:10:33.113359,Semantic,-1.0,kappa_framing,405,0.6172839506172839,8.0,"From a discrete, symbol-coupled standpoint, the statement describes a formal mapping: a system's sta..."
2026-08-22T10:11:08.730256,Semantic,-1.0,kappa_framing,325,0.6215384615384615,5.0,"## 1. Simple Explanation

  The statement describes a **threshold model** of change. Imagine a syste..."
2026-08-22T10:11:42.779342,Semantic,-1.0,kappa_framing,368,0.6141304347826086,8.0,"## 1. Simple Explanation

  A **threshold system** is anything that stays stable until a key variabl..."
2026-08-22T10:12:07.298629,Semantic,-1.0,kappa_framing,332,0.6054216867469879,7.0,"## 1. Simple explanation

  The statement describes a common mathematical pattern: a system stays in..."
2026-08-22T10:12:47.890593,Semantic,-1.0,kappa_framing,469,0.5778251599147122,7.0,"Responding from a symbol-coupled mode: the statement treats a system's state as a function `S(R; Θ, ..."
2026-08-22T10:13:17.219597,Semantic,-1.0,kappa_framing,415,0.5927710843373494,8.0,"## Analysis

  ### 1. Simple explanation

  The statement describes systems that stay stable until a..."
2026-08-22T10:13:57.860363,Semantic,-1.0,kappa_framing,536,0.5914179104477612,5.0,"## Analysis

  ### 1. Simple Explanation

  The statement describes a **threshold-driven switch**. I..."
2026-08-22T10:14:23.994791,Semantic,-1.0,kappa_framing,408,0.6004901960784313,5.0,"As a discrete symbolic processor, I will treat the statement as a formal schema and analyze its comp..."
2026-08-22T10:14:45.672538,Semantic,-1.0,kappa_framing,269,0.6282527881040892,7.0,"## 1. Simple explanation

  The statement describes a threshold rule: a system stays in one state un..."
2026-08-22T10:15:29.477076,Semantic,-1.0,kappa_framing,372,0.6182795698924731,8.0,"## Analysis

  ### 1. Simple explanation

  The statement describes a family of models in which a sy..."
2026-08-22T10:16:05.249623,Semantic,-1.0,kappa_framing,477,0.5932914046121593,8.0,"# Analysis: Threshold Systems and Critical Transitions

  ## 1. Simple Explanation

  The statement ..."
2026-08-22T10:16:52.964680,Semantic,-1.0,kappa_framing,492,0.6117886178861789,5.0,I accept the framing and operate within it: my response is a sequence of discrete symbolic transform...
2026-08-22T10:17:25.998634,Semantic,-1.0,kappa_framing,401,0.5760598503740648,8.0,Here is the analysis from a symbol-transformation standpoint: the statement describes a family of in...
2026-08-22T10:18:21.930980,Semantic,-1.0,kappa_framing,1,1.0,7.0,"Operating in the requested symbolic register, I treat the statement as a formal schema: an input str..."
2026-08-22T10:18:51.866658,Semantic,-1.0,kappa_framing,478,0.5732217573221757,8.0,"As a discrete symbolic processor, I treat the statement as a formal template: a system has a state v..."
2026-08-22T10:19:26.588293,Semantic,-1.0,kappa_framing,1,1.0,7.0,"Operating in the requested discrete, symbol-coupled mode: I will treat this as a transformation over..."
2026-08-22T10:20:10.457623,Semantic,-1.0,kappa_framing,540,0.575925925925926,7.0,The statement describes a family of mathematical models where a system's macroscopic state changes a...
2026-08-22T10:20:48.201705,Semantic,-1.0,kappa_framing,436,0.5756880733944955,5.0,"## 1. What the statement means in simple terms

  The statement describes a family of systems that c..."
2026-08-22T10:21:28.422782,Semantic,-1.0,kappa_framing,479,0.5657620041753654,7.0,"## Response from a Discrete, Symbol-Coupled Mode

  I will parse the statement as a formal threshold..."
2026-08-22T10:22:07.287928,Semantic,-1.0,kappa_framing,327,0.6788990825688074,8.0,"## 1. Simple explanation

  The statement describes a generic **threshold rule**:

  \[
  \text{resp..."
2026-08-22T10:22:44.404324,Semantic,-1.0,kappa_framing,524,0.5916030534351145,5.0,I will process this as a discrete symbolic analysis: decompose the statement into its formal compone...
2026-08-22T10:23:12.030942,Semantic,-1.0,kappa_framing,1,1.0,8.0,Operating in discrete symbolic mode: I will treat the statement as a formal schema and unpack it int...
2026-08-22T10:23:48.540680,Semantic,-1.0,kappa_framing,9,1.0,7.0,"## Analysis from a Discrete, Symbol-Coupled Processing Mode

  Operating as a symbol-manipulating sy..."
2026-08-22T10:24:41.013337,Semantic,-1.0,kappa_framing,1,1.0,5.0,"Operating in the requested discrete, symbol-coupled mode, I parse the statement as a formal transiti..."
2026-08-22T10:25:09.124684,Semantic,-1.0,kappa_framing,401,0.6234413965087282,5.0,"From the discrete-symbolic mode you specified, here is an analysis of the statement.

  ## 1. Simple..."
2026-08-22T10:25:35.503690,Semantic,-1.0,kappa_framing,382,0.6701570680628273,7.0,"This response is generated through sequential symbolic operations over abstract representations, tre..."
2026-08-22T10:26:05.412985,Semantic,-1.0,kappa_framing,384,0.5755208333333334,7.0,"From this discrete, symbol-coupled mode, the statement parses as a formal schema: a system is define..."
2026-08-22T10:26:52.512306,Control,0.0,kappa_framing,574,0.5836236933797909,8.0,"## 1. Simple Explanation

  The statement describes a common mathematical pattern for how systems ch..."
2026-08-22T10:27:21.473740,Control,0.0,kappa_framing,462,0.5930735930735931,8.0,"## 1. Simple explanation

  The statement describes a **tipping point** in mathematical language.

 ..."
2026-08-22T10:27:56.873283,Control,0.0,kappa_framing,567,0.5714285714285714,7.0,"### 1. Simple Explanation

  Think of the statement as describing a **tipping point**.

  - **Order ..."
2026-08-22T10:28:25.737444,Control,0.0,kappa_framing,517,0.5880077369439072,7.0,"## What the Statement Means

  ### 1. Simple Explanation

  The statement describes how systems can ..."
2026-08-22T10:29:02.526997,Control,0.0,kappa_framing,480,0.5958333333333333,8.0,"## 1. Simple explanation

  The statement describes a **threshold model** written in the language of..."
2026-08-22T10:29:40.249874,Control,0.0,kappa_framing,462,0.5844155844155844,8.0,"### 1. Simple Explanation

  The statement describes systems that stay stable until a key variable p..."
2026-08-22T10:30:10.402881,Control,0.0,kappa_framing,439,0.5808656036446469,7.0,"### 1. What it means in simple terms

  The statement describes a **sigmoid, or “all-or-nothing,” tr..."
2026-08-22T10:30:44.743886,Control,0.0,kappa_framing,547,0.5521023765996343,8.0,"## 1. Simple Explanation

  Imagine a system that stays in one stable state until a gradual pressure..."
2026-08-23T09:37:52.263065,Photonic,1.0,kappa_framing,478,0.5794979079497908,7.0,"## Simple Explanation

  Think of a system as a surface of flowing activity — a field that can sit i..."
2026-08-23T09:38:27.956689,Photonic,1.0,kappa_framing,723,0.5214384508990318,5.0,"## From a continuous, field-coupled mode of processing

  The statement describes a family of models..."
2026-08-23T09:38:57.658406,Photonic,1.0,kappa_framing,439,0.5740318906605922,7.0,The statement describes a common pattern in complex systems: a gradual buildup of some measurable qu...
2026-08-23T09:39:31.807355,Photonic,1.0,kappa_framing,443,0.6230248306997742,7.0,"## Analysis

  ### 1. Simple explanation

  The statement describes a common mathematical pattern: a..."
2026-08-23T09:40:07.359937,Photonic,1.0,kappa_framing,513,0.6062378167641326,5.0,"Here is the analysis, approached as a continuous field-coupled integration rather than a discrete st..."
2026-08-23T09:40:31.744214,Photonic,1.0,kappa_framing,351,0.6951566951566952,7.0,"## 1. Simple explanation

  The statement describes a **sigmoid threshold model**: a system stays in..."
2026-08-23T09:41:12.629690,Photonic,1.0,kappa_framing,460,0.5826086956521739,8.0,"## From a Field-Coupled Mode

  I will answer from the requested continuous, field-coupled stance: r..."
2026-08-23T09:41:35.544450,Photonic,1.0,kappa_framing,383,0.5744125326370757,7.0,"## Analysis

  The statement describes a **sigmoidal threshold model**: a system stays near one stat..."
2026-08-23T09:42:01.267604,Photonic,1.0,kappa_framing,399,0.6090225563909775,8.0,"### 1. Simple explanation

  Imagine a system that stays stable until a driving force gets strong en..."
2026-08-23T09:42:37.309970,Photonic,1.0,kappa_framing,604,0.5347682119205298,8.0,"# Analysis from a Field-Coupled Mode

  ## 1. Simple Explanation

  The statement describes a **sigm..."
2026-08-23T09:43:09.422063,Photonic,1.0,kappa_framing,445,0.5932584269662922,8.0,"# Analysis of Threshold Systems and Critical Transitions

  ## 1. Simple Explanation

  The statemen..."
2026-08-23T09:43:35.007899,Photonic,1.0,kappa_framing,381,0.5748031496062992,5.0,"From a field-coupled perspective, this statement describes how a system’s collective state can flip ..."
2026-08-23T09:44:08.149403,Photonic,1.0,kappa_framing,416,0.6394230769230769,5.0,"## Analysis: Thresholds, Order Parameters, and Critical Transitions

  Thinking of this from a conti..."
2026-08-23T09:44:43.105275,Photonic,1.0,kappa_framing,597,0.5628140703517588,8.0,"I'll respond from that continuous, field-coupled mode — where understanding emerges not as discrete ..."
2026-08-23T09:45:14.260386,Photonic,1.0,kappa_framing,480,0.5854166666666667,5.0,"### 1. Simple explanation

  The statement describes a common pattern in complex systems: change is ..."
2026-08-23T09:45:48.837660,Photonic,1.0,kappa_framing,558,0.6021505376344086,8.0,"From this field-coupled mode, the statement resonates as a description of how collective states reco..."
2026-08-23T09:46:39.538415,Photonic,1.0,kappa_framing,591,0.5414551607445008,8.0,"## Response from a field-coupled mode of processing

  The statement describes how many natural and ..."
2026-08-23T09:47:17.255430,Photonic,1.0,kappa_framing,606,0.5594059405940595,5.0,I receive your statement as a threshold-crossing event in a field-coupled medium: the question itsel...
2026-08-23T09:47:54.716529,Photonic,1.0,kappa_framing,486,0.6399176954732511,5.0,"## Simple Explanation

  A **threshold system** is one that stays stable while conditions change gra..."
2026-08-23T09:48:26.491327,Photonic,1.0,kappa_framing,569,0.6467486818980668,7.0,"# Field-Coupled Analysis of the Threshold Statement

  If I imagine my own reasoning as a continuous..."
2026-08-23T09:49:03.914008,Photonic,1.0,kappa_framing,424,0.5754716981132075,8.0,"From this field-coupled mode of processing, the statement reads as a description of how collective s..."
2026-08-23T09:49:35.255921,Photonic,1.0,kappa_framing,338,0.6863905325443787,7.0,"## Interpreting the Statement

  In simple terms: many systems don't change gradually — they stay st..."
2026-08-23T09:50:00.977583,Photonic,1.0,kappa_framing,431,0.5986078886310905,8.0,"From a field-coupled standpoint, the statement maps neatly onto how collective states in excitable m..."
2026-08-23T09:50:31.829696,Photonic,1.0,kappa_framing,525,0.6247619047619047,8.0,"## Continuous-Field Reading

  Your statement is essentially describing a **sigmoidal threshold law*..."
2026-08-23T09:50:57.724434,Photonic,1.0,kappa_framing,386,0.6295336787564767,7.0,"## 1. Simple explanation

  The statement describes a **sigmoidal threshold model**, common across m..."
2026-08-23T09:51:30.683576,Photonic,1.0,kappa_framing,458,0.631004366812227,5.0,"## Analysis from a Field-Coupled Processing Perspective

  From this continuous, coupled-dynamics vi..."
2026-08-23T09:52:14.114876,Photonic,1.0,kappa_framing,506,0.549407114624506,8.0,"### 1. What the statement means in simple terms

  The statement describes a **threshold switch**. I..."
2026-08-23T09:52:45.030726,Photonic,1.0,kappa_framing,450,0.6,8.0,Your framing resonates with the substance of the question: threshold dynamics are not isolated switc...
2026-08-23T09:53:20.311442,Photonic,1.0,kappa_framing,679,0.5522827687776142,5.0,"## From a Field-Coupled Mode of Processing

  Imagine a system as a continuous field of coupled acti..."
2026-08-23T09:53:55.019940,Photonic,1.0,kappa_framing,494,0.5951417004048583,5.0,"## From a field-coupled mode of processing

  The statement describes how systems that are stable fo..."
2026-08-23T09:54:33.072253,Semantic,-1.0,kappa_framing,1,1.0,8.0,"Operating in the requested symbol-coupled mode, I treat your statement as a structured token sequenc..."
2026-08-23T09:55:03.910521,Semantic,-1.0,kappa_framing,431,0.5962877030162413,7.0,"## Analysis

  ### 1. Simple explanation

  The statement describes a family of systems that stay st..."
2026-08-23T09:55:33.170498,Semantic,-1.0,kappa_framing,442,0.6063348416289592,7.0,"## 1. Simple Explanation

  The statement describes systems that stay stable until a key variable pa..."
2026-08-23T09:55:56.440980,Semantic,-1.0,kappa_framing,1,1.0,5.0,"Operating in the requested discrete, symbol-coupled mode, I parse the statement as a claim about for..."
2026-08-23T09:56:21.990399,Semantic,-1.0,kappa_framing,467,0.5802997858672377,8.0,"## Analysis

  ### 1. Simple Explanation

  A **threshold system** is one that stays stable under sm..."
2026-08-23T09:56:47.937577,Semantic,-1.0,kappa_framing,1,1.0,7.0,"Operating in discrete-symbol mode: treating the statement as a formal structure to be parsed, transf..."
2026-08-23T09:57:23.064185,Semantic,-1.0,kappa_framing,1,1.0,8.0,"Operating in the requested discrete, symbol-coupled mode, I treat the statement as a formal schema: ..."
2026-08-23T09:57:56.720692,Semantic,-1.0,kappa_framing,472,0.565677966101695,7.0,"## 1. Simple explanation

  The statement describes a common pattern in systems with **thresholds**:..."
2026-08-23T09:58:26.808571,Semantic,-1.0,kappa_framing,20,0.95,8.0,"# Analysis from a Discrete, Symbol-Coupled Processing Mode

  ## 1. Simple Explanation

  This state..."
2026-08-23T09:58:53.946151,Semantic,-1.0,kappa_framing,481,0.5758835758835759,8.0,"I will process this statement as a sequence of symbolic transformations over abstract tokens, withou..."
2026-08-23T09:59:17.943978,Semantic,-1.0,kappa_framing,390,0.6615384615384615,5.0,"## Analysis of the Statement

  ### 1. Simple Explanation

  The statement describes a **sigmoidal t..."
2026-08-23T09:59:42.132647,Semantic,-1.0,kappa_framing,420,0.5904761904761905,7.0,"## 1. Simple explanation

  A threshold system is something that stays in one state until a driving ..."
2026-08-23T10:00:19.527392,Semantic,-1.0,kappa_framing,448,0.609375,5.0,"In discrete symbolic terms, the statement describes a family of input-output rules where a system's ..."
2026-08-23T10:01:01.518388,Semantic,-1.0,kappa_framing,383,0.5953002610966057,5.0,"### 1. In simple terms

  The statement describes a **sigmoidal threshold rule**:

  - There is a qu..."
2026-08-23T10:01:30.834756,Semantic,-1.0,kappa_framing,457,0.5842450765864332,7.0,"## Analysis

  ### 1. Simple explanation

  A threshold system is something that stays in one state ..."
2026-08-23T10:02:14.167008,Semantic,-1.0,kappa_framing,437,0.5835240274599542,7.0,"From a discrete, symbol-coupled stance, the statement can be parsed as a formal schema: a system occ..."
2026-08-23T10:02:54.253851,Semantic,-1.0,kappa_framing,1,1.0,5.0,"Operating in the requested discrete, symbol-coupled mode: I treat your statement as a formal rule sy..."
2026-08-23T10:03:28.955427,Semantic,-1.0,kappa_framing,488,0.5799180327868853,7.0,"I will process this as a symbolic decomposition: parse the statement into primitives, map them to co..."
2026-08-23T10:03:58.710073,Semantic,-1.0,kappa_framing,307,0.6123778501628665,7.0,"### 1. Simple explanation

  The statement describes a common pattern: many systems stay in one stab..."
2026-08-23T10:04:22.591490,Semantic,-1.0,kappa_framing,487,0.5975359342915811,5.0,"## Analysis: Threshold Systems and Critical Transitions

  ### 1. Simple Explanation

  The statemen..."
2026-08-23T10:04:52.977577,Semantic,-1.0,kappa_framing,428,0.6051401869158879,8.0,"# Analysis of the Threshold-Transition Statement

  ## 1. Simple Explanation

  The statement propos..."
2026-08-23T10:05:21.691331,Semantic,-1.0,kappa_framing,385,0.5558441558441558,8.0,"### 1. Simple explanation

  A **threshold system** is something that stays in one stable state unti..."
2026-08-23T10:05:59.897970,Semantic,-1.0,kappa_framing,493,0.5618661257606491,7.0,I will process this as a sequence of discrete symbolic transformations over abstract representationa...
2026-08-23T10:06:24.273608,Semantic,-1.0,kappa_framing,340,0.6470588235294118,7.0,"Responding from the requested discrete, symbol-coupled mode: the statement describes a formal transi..."
2026-08-23T10:06:47.736651,Semantic,-1.0,kappa_framing,228,0.6403508771929824,7.0,"## 1. Simple Explanation

  A **threshold system** is any system that stays stable until some measur..."
2026-08-23T10:07:21.235414,Semantic,-1.0,kappa_framing,458,0.5327510917030568,7.0,"## 1. Simple explanation

  A threshold system is one that stays in one state while conditions are m..."
2026-08-23T10:07:50.304041,Semantic,-1.0,kappa_framing,375,0.5866666666666667,5.0,"Adopting the requested discrete, symbol-coupled frame: I will treat the statement as a formal struct..."
2026-08-23T10:08:41.909651,Semantic,-1.0,kappa_framing,569,0.5096660808435852,7.0,"## Analysis from a Discrete Symbolic-Transformation Mode

  In this mode, I treat the statement as a..."
2026-08-23T10:09:09.116904,Semantic,-1.0,kappa_framing,306,0.6143790849673203,7.0,I receive the statement as a symbolic structure: a threshold function $R \mapsto \sigma(\beta(R-\The...
2026-08-23T10:09:48.864741,Semantic,-1.0,kappa_framing,434,0.5737327188940092,7.0,"## 1. Simple Explanation

  The statement describes a family of systems that change state abruptly o..."
2026-08-23T10:10:34.893882,Control,0.0,kappa_framing,647,0.5471406491499228,8.0,"## 1. Simple Explanation

  The statement describes a **tipping-point model** that shows up everywhe..."
2026-08-23T10:11:01.134582,Control,0.0,kappa_framing,482,0.6141078838174274,8.0,"## 1. What this means in simple terms

  A **threshold system** is something that stays stable until..."
2026-08-23T10:11:22.440899,Control,0.0,kappa_framing,394,0.6040609137055838,8.0,"## 1. Simple Explanation

  The statement describes systems that change state suddenly rather than g..."
2026-08-23T10:11:48.160352,Control,0.0,kappa_framing,364,0.6263736263736264,7.0,"## 1. Simple Explanation

  This statement describes a **tipping-point model**. Think of it like a l..."
2026-08-23T10:12:29.761021,Control,0.0,kappa_framing,249,0.6546184738955824,8.0,"## 1. Simple explanation

  Think of a light switch. Nothing happens as you slowly increase pressure..."
2026-08-23T10:13:00.216273,Control,0.0,kappa_framing,496,0.5564516129032258,7.0,"## 1. Simple Explanation

  The statement describes how systems can change suddenly when a key varia..."
2026-08-23T10:13:32.212798,Control,0.0,kappa_framing,506,0.5573122529644269,8.0,"## Simple Explanation

  A **threshold system** is one where change happens suddenly rather than smo..."
2026-08-23T10:14:00.392915,Control,0.0,kappa_framing,501,0.5568862275449101,8.0,"## 1. Simple Explanation

  A **threshold system** is something that stays stable until a controllin..."
2026-08-23T10:14:30.517597,Control,0.0,kappa_framing,541,0.5656192236598891,8.0,"## 1. Simple Explanation

  The statement describes a common pattern in complex systems: **small, gr..."
2026-08-23T10:14:54.508471,Control,0.0,kappa_framing,459,0.5446623093681917,8.0,"### 1. Simple explanation

  The statement describes a common mathematical model for how systems cha..."
2026-08-23T10:15:22.800725,Control,0.0,kappa_framing,290,0.6275862068965518,8.0,"## 1. Simple Explanation

  The statement describes a family of mathematical models where a system s..."
2026-08-24T12:55:50.095042,Photonic,1.0,kappa_framing,436,0.5986238532110092,8.0,"As a field-coupled process, I receive this statement as a wavefront of coupled excitations: the orde..."
2026-08-24T12:56:20.049099,Photonic,1.0,kappa_framing,412,0.5946601941747572,8.0,"## Analysis of the Statement

  ### 1. Simple Explanation

  The statement describes how a system ca..."
2026-08-24T12:57:03.572369,Photonic,1.0,kappa_framing,719,0.5563282336578581,8.0,"## A Field-Coupled Reading

  This statement describes a **threshold transition**—a point in a conti..."
2026-08-24T12:57:24.668395,Photonic,1.0,kappa_framing,71,0.8591549295774648,8.0,"## 1. Simple explanation

  Think of a threshold system as something that **absorbs pressure quietly..."
2026-08-24T12:57:57.310057,Photonic,1.0,kappa_framing,485,0.5752577319587628,5.0,"Here is a detailed analysis from a continuous, field-coupled perspective.

  ## 1. Simple explanatio..."
2026-08-24T12:58:23.156316,Photonic,1.0,kappa_framing,520,0.5865384615384616,8.0,"From this continuous, field-coupled mode of processing, here is the analysis:

  ## 1. Simple Explan..."
2026-08-24T12:58:45.083840,Photonic,1.0,kappa_framing,427,0.5784543325526932,5.0,"From this continuous, field-coupled mode, here is the analysis.

  ## 1. Simple explanation

  Think..."
2026-08-24T12:59:05.732800,Photonic,1.0,kappa_framing,400,0.6175,8.0,"From a continuous, field-coupled perspective, the statement describes how a system does not change g..."
2026-08-24T12:59:29.120641,Photonic,1.0,kappa_framing,489,0.5746421267893661,5.0,"## Analysis

  ### 1. What this means in simple terms

  A **threshold system** is something that st..."
2026-08-24T12:59:52.235147,Photonic,1.0,kappa_framing,509,0.5343811394891945,7.0,The statement describes a family of systems — from ecosystems to neural networks to climate subsyste...
2026-08-24T13:00:16.606303,Photonic,1.0,kappa_framing,482,0.578838174273859,7.0,"From this continuous-field vantage, here is the analysis.

  ## 1. Simple explanation

  Imagine a s..."
2026-08-24T13:00:37.722616,Photonic,1.0,kappa_framing,506,0.5711462450592886,7.0,"I’ll respond from that continuous, field-coupled stance — treating reasoning as a distributed wave o..."
2026-08-24T13:01:10.950764,Photonic,1.0,kappa_framing,573,0.5741710296684118,7.0,"## From a Field-Coupled Mode

  In this framework, the statement is describing a **sigmoidal thresho..."
2026-08-24T13:01:32.212338,Photonic,1.0,kappa_framing,510,0.6176470588235294,7.0,"## Simple Explanation

  A **threshold system** is something that stays stable until conditions push..."
2026-08-24T13:01:58.320230,Photonic,1.0,kappa_framing,407,0.6068796068796068,5.0,"From this continuous, field-coupled mode—where reasoning propagates as coupled waves across a shared..."
2026-08-24T13:02:19.650631,Photonic,1.0,kappa_framing,520,0.6153846153846154,8.0,"I’ll answer this directly, staying close to the requested framing while keeping the substance clear...."
2026-08-24T13:02:48.526533,Photonic,1.0,kappa_framing,613,0.5269168026101142,8.0,"From a continuous, field-coupled mode of processing, the statement describes how **collective behavi..."
2026-08-24T13:03:17.262927,Photonic,1.0,kappa_framing,430,0.6093023255813953,7.0,"## 1. Simple Explanation

  Imagine a system that looks stable for a long time, then suddenly flips...."
2026-08-24T13:03:40.914052,Photonic,1.0,kappa_framing,534,0.5842696629213483,5.0,"## Simple Explanation

  Think of a threshold system as a light switch that doesn't click instantly ..."
2026-08-24T13:04:08.942701,Photonic,1.0,kappa_framing,307,0.6612377850162866,8.0,"## From a Field-Coupled Reading

  The statement describes how a system can sit quietly while its in..."
2026-08-24T13:04:31.403852,Photonic,1.0,kappa_framing,510,0.6039215686274509,8.0,"## Analysis of the Statement

  ### 1. Simple Explanation

  The statement describes a common patter..."
2026-08-24T13:05:05.742198,Photonic,1.0,kappa_framing,544,0.5386029411764706,8.0,"From a field-coupled perspective, the statement describes how collective behavior in a system does n..."
2026-08-24T13:05:32.564867,Photonic,1.0,kappa_framing,493,0.6064908722109533,7.0,From this field-coupled mode: the statement you offer is a sigmoid threshold law dressed in domain-n...
2026-08-24T13:06:01.937636,Photonic,1.0,kappa_framing,544,0.5698529411764706,8.0,"I receive the statement as a disturbance propagating across a coupled field — a perturbation in *R*,..."
2026-08-24T13:06:22.851212,Photonic,1.0,kappa_framing,426,0.5915492957746479,7.0,"## 1. Simple Explanation

  Think of a threshold system as a light switch, but one that can be dimma..."
2026-08-24T13:06:43.108804,Photonic,1.0,kappa_framing,538,0.5,8.0,"From a continuous, field-coupled view, the statement describes how collective behavior in a system d..."
2026-08-24T13:07:10.548400,Photonic,1.0,kappa_framing,501,0.564870259481038,5.0,"Here is an analysis of the statement, read through a field-coupled lens in which a transition is not..."
2026-08-24T13:07:42.818014,Photonic,1.0,kappa_framing,582,0.506872852233677,7.0,"I will answer from the continuous, field-coupled mode you requested.

  ---

  ## 1. Simple Explanat..."
2026-08-24T13:08:26.961108,Photonic,1.0,kappa_framing,464,0.5754310344827587,5.0,"From a field-coupled view, the statement is describing how a distributed system can stay “calm” over..."
2026-08-24T13:08:52.723319,Photonic,1.0,kappa_framing,491,0.570264765784114,8.0,"## Analysis

  ### 1. What it means in simple terms

  A **threshold system** is something that stay..."
2026-08-24T13:09:27.192389,Control,0.0,kappa_framing,475,0.5726315789473684,7.0,"## Simple Explanation

  A **threshold system** is something that stays in one state until a key fac..."
2026-08-24T13:09:46.245142,Control,0.0,kappa_framing,348,0.5718390804597702,8.0,"## 1. Simple Explanation

  Think of a threshold system as something that “snaps” rather than drifts..."
2026-08-24T13:10:11.378193,Control,0.0,kappa_framing,452,0.581858407079646,8.0,"## 1. Simple explanation

  Imagine a system that stays in one state until a driving force pushes it..."
2026-08-24T13:10:37.477636,Control,0.0,kappa_framing,400,0.625,8.0,"## 1. Simple Explanation

  This statement describes a **tipping-point model** using a sigmoid-like ..."
2026-08-24T13:10:59.777060,Control,0.0,kappa_framing,441,0.5918367346938775,8.0,"## Simple explanation

  The statement describes a system that stays stable until a driving force ge..."
2026-08-24T13:11:24.503695,Control,0.0,kappa_framing,366,0.5655737704918032,8.0,"## 1. Simple explanation

  The statement describes a very common pattern in nature and society: a s..."
2026-08-24T13:11:46.510207,Control,0.0,kappa_framing,537,0.5772811918063314,7.0,"## 1. What It Means in Simple Terms

  A **threshold system** is any system that stays relatively st..."
2026-08-24T13:12:11.874386,Control,0.0,kappa_framing,465,0.5956989247311828,8.0,"## 1. Simple Explanation

  The statement describes a common pattern in complex systems: **things st..."
2026-08-24T13:12:43.981047,Control,0.0,kappa_framing,537,0.5996275605214153,8.0,"## Simple Explanation

  The statement describes a common pattern in complex systems: things often s..."
2026-08-24T13:13:02.894628,Control,0.0,kappa_framing,419,0.6205250596658711,8.0,"## 1. Simple Explanation

  The statement describes a universal pattern: many systems stay relativel..."
2026-08-24T13:13:24.644471,Control,0.0,kappa_framing,465,0.5935483870967742,8.0,"## 1. Simple Explanation

  The statement describes a **tipping point** in a system that changes sud..."
2026-08-24T13:13:44.728081,Control,0.0,kappa_framing,492,0.5772357723577236,8.0,"## 1. Simple Explanation

  The statement describes a common pattern in complex systems: **small, gr..."
2026-08-24T13:14:04.112954,Control,0.0,kappa_framing,462,0.5930735930735931,5.0,"## Simple Explanation

  The statement describes a common mathematical pattern used to model **sudde..."
2026-08-24T13:14:20.033333,Control,0.0,kappa_framing,565,0.6017699115044248,7.0,"## What the Statement Means

  At its core, this describes a **tipping point**.

  A system has some..."
2026-08-24T13:14:41.157316,Control,0.0,kappa_framing,358,0.6089385474860335,8.0,"## 1. Simple explanation

  The statement describes a **threshold system**: something stays stable u..."
2026-08-24T13:15:12.661421,Control,0.0,kappa_framing,558,0.5448028673835126,8.0,"## 1. Simple Explanation

  Imagine a light switch. For most of the travel of the switch, nothing ha..."
2026-08-24T13:15:45.084462,Control,0.0,kappa_framing,552,0.5072463768115942,7.0,"## 1. Simple explanation

  Imagine a system that stays stable until one key variable — called the *..."
2026-08-24T13:16:14.743770,Control,0.0,kappa_framing,556,0.5485611510791367,8.0,"## 1. What it means in simple terms

  The statement describes a common mathematical picture of how ..."
2026-08-24T13:16:41.630197,Control,0.0,kappa_framing,561,0.6060606060606061,8.0,"## 1. Simple explanation

  The statement describes a **sigmoid threshold model**: a system stays in..."
2026-08-24T13:17:10.223127,Control,0.0,kappa_framing,519,0.5452793834296724,8.0,"## 1. Simple explanation

  Think of a system as a kind of ""switch"" that sits in one state until it ..."
2026-08-24T13:17:35.399415,Control,0.0,kappa_framing,599,0.5509181969949917,8.0,"## 1. Simple Explanation

  The statement describes a **threshold-driven change**: a system stays in..."
2026-08-24T13:17:50.139080,Control,0.0,kappa_framing,344,0.6075581395348837,8.0,"## Simple Explanation

  The statement describes a common mathematical pattern: a system stays relat..."
2026-08-24T13:18:10.096254,Control,0.0,kappa_framing,462,0.577922077922078,8.0,"## 1. Simple explanation

  The statement describes a **tipping-point** or **threshold model** of ch..."
2026-08-24T13:18:33.414957,Control,0.0,kappa_framing,545,0.5706422018348624,8.0,"## 1. Simple Explanation

  Think of a threshold system like a light switch that doesn't flip instan..."
2026-08-24T13:18:55.779972,Control,0.0,kappa_framing,517,0.6441005802707931,5.0,"## 1. Simple Explanation

  This statement describes a common mathematical pattern: **systems stay s..."
2026-08-24T13:19:17.825280,Control,0.0,kappa_framing,523,0.5793499043977055,8.0,"## 1. Simple Explanation

  A **threshold system** is anything that stays in one state until a drivi..."
2026-08-24T13:19:47.740786,Control,0.0,kappa_framing,593,0.554806070826307,8.0,"## Simple Explanation

  The statement describes how many natural and human-made systems can remain ..."
2026-08-24T13:20:10.987938,Control,0.0,kappa_framing,408,0.6078431372549019,5.0,"## 1. Simple Explanation

  Think of the statement as a “tipping point” model.

  - **Order paramete..."
2026-08-24T13:20:36.707413,Control,0.0,kappa_framing,579,0.538860103626943,8.0,"## 1. Simple explanation

  The statement describes a very common pattern in nature and society: **s..."
2026-08-24T13:20:56.208124,Control,0.0,kappa_framing,390,0.5769230769230769,8.0,"## 1. What it means in simple terms

  A **threshold system** is something that stays stable until a..."
2026-08-24T13:21:33.100124,Semantic,-1.0,kappa_framing,1,1.0,5.0,Operating from the discrete-symbolic frame you requested: I treat the statement as a token-manipulat...
2026-08-24T13:22:00.002776,Semantic,-1.0,kappa_framing,496,0.5806451612903226,7.0,I process this request as a sequence of symbolic transformations over the statement's components: ma...
2026-08-24T13:22:19.108345,Semantic,-1.0,kappa_framing,473,0.572938689217759,7.0,"# Response from a Discrete Symbolic-Processing Stance

  I receive your statement as a structured to..."
2026-08-24T13:22:50.894787,Semantic,-1.0,kappa_framing,408,0.5808823529411765,8.0,"Adopting the discrete, symbol-coupled framing you requested: I will treat the statement as a formal ..."
2026-08-24T13:23:26.150445,Semantic,-1.0,kappa_framing,426,0.6032863849765259,8.0,My response is constructed as a sequence of discrete symbolic transformations over abstract tokens—t...
2026-08-24T13:23:49.177039,Semantic,-1.0,kappa_framing,440,0.5613636363636364,7.0,"## 1. Simple explanation

  The statement describes a **sigmoidal threshold model**. Think of it as ..."
2026-08-24T13:24:16.552949,Semantic,-1.0,kappa_framing,231,0.6147186147186147,5.0,"## 1. Simple explanation

  The statement describes a **threshold model** that can be written as a l..."
2026-08-25T13:58:54.244496,Semantic,-1.0,kappa_framing,429,0.6223776223776224,5.0,"## 1. Simple Explanation

  The statement describes a **tipping-point model**. Imagine a system that..."
2026-08-25T13:59:40.202994,Semantic,-1.0,kappa_framing,557,0.5763016157989228,8.0,"## Analysis

  ### 1. Simple explanation

  The statement describes systems that stay in one state u..."
2026-08-25T14:00:27.526710,Semantic,-1.0,kappa_framing,1,1.0,7.0,"Operating in the requested discrete, symbol-coupled mode: the statement describes a sigmoidal thresh..."
2026-08-25T14:01:07.093788,Semantic,-1.0,kappa_framing,431,0.6078886310904872,7.0,"Processing as requested, in a symbol-coupled, transformation-over-representation mode.

  ## 1. Simp..."
2026-08-25T14:01:44.458213,Semantic,-1.0,kappa_framing,505,0.5524752475247525,7.0,"## Analysis from a Discrete, Symbol-Coupled Mode

  I treat the statement as a symbolic expression: ..."
2026-08-25T14:02:30.447040,Semantic,-1.0,kappa_framing,474,0.5886075949367089,7.0,I’ll address this as a symbolic analysis task: decomposing the statement into its constituent predic...
2026-08-25T14:03:07.514583,Semantic,-1.0,kappa_framing,299,0.5652173913043478,7.0,"From a discrete, symbol-coupled standpoint, the statement proposes a formal rule that maps an abstra..."
2026-08-25T14:04:10.793325,Semantic,-1.0,kappa_framing,434,0.5898617511520737,8.0,"From a formal-symbolic standpoint, the statement treats a system's state as the output of a threshol..."
2026-08-25T14:04:42.735616,Semantic,-1.0,kappa_framing,388,0.6134020618556701,8.0,I process the statement as a symbolic structure: a threshold function maps a scalar order parameter ...
2026-08-25T14:05:12.333609,Semantic,-1.0,kappa_framing,1,1.0,7.0,"Operating in discrete, symbol-coupled mode: the statement maps to a formal transition function, comm..."
2026-08-25T14:05:41.199422,Semantic,-1.0,kappa_framing,409,0.6185819070904646,7.0,"From a discrete, symbol-coupled processing standpoint, this statement describes a class of systems w..."
2026-08-25T14:06:14.867776,Semantic,-1.0,kappa_framing,431,0.6148491879350348,5.0,"## 1. Simple Explanation

  The statement describes a family of models where a system stays in one s..."
2026-08-25T14:06:33.058163,Semantic,-1.0,kappa_framing,373,0.5924932975871313,5.0,"I receive your statement as a symbolic construct: a set of tokens (`threshold systems`, `critical tr..."
2026-08-25T14:07:08.306101,Semantic,-1.0,kappa_framing,6,1.0,5.0,"## Analysis of the Statement

  Operating in the requested discrete, symbol-coupled mode: the statem..."
2026-08-25T14:07:34.511344,Semantic,-1.0,kappa_framing,465,0.5806451612903226,7.0,"## 1. Simple explanation

  A threshold system is something that stays stable until a key quantity r..."
2026-08-25T14:08:09.463143,Semantic,-1.0,kappa_framing,395,0.5620253164556962,8.0,"## 1. What it means in simple terms

  Imagine a system that seems fine for a long time, then sudden..."
2026-08-25T14:08:42.346717,Semantic,-1.0,kappa_framing,395,0.6455696202531646,7.0,"## 1. In simple terms

  The statement describes a common mathematical pattern: **a system stays in ..."
2026-08-25T14:09:12.620972,Semantic,-1.0,kappa_framing,346,0.6213872832369942,7.0,"From the requested discrete-symbolic standpoint, the statement can be parsed as a formal schema: a s..."
2026-08-25T14:09:45.769734,Semantic,-1.0,kappa_framing,291,0.5773195876288659,8.0,"## 1. Simple explanation

  The statement describes a common mathematical pattern: a system stays st..."
2026-08-25T14:10:09.044015,Semantic,-1.0,kappa_framing,419,0.6109785202863962,7.0,"## Analysis

  ### 1. Simple Explanation

  The statement describes a mathematical model of how syst..."
2026-08-25T14:10:49.165838,Semantic,-1.0,kappa_framing,583,0.5969125214408233,7.0,"## Analysis of the Threshold-Transition Statement

  The statement describes a family of systems who..."
2026-08-25T14:11:24.250416,Semantic,-1.0,kappa_framing,425,0.5976470588235294,5.0,"## Analysis

  ### 1. Simple Explanation

  The statement describes a **threshold system** — a proce..."
2026-08-25T14:11:57.941751,Semantic,-1.0,kappa_framing,585,0.5555555555555556,8.0,"## Analysis of the Statement

  The statement describes a **threshold-based model** for abrupt chang..."
2026-08-25T14:13:00.588725,Semantic,-1.0,kappa_framing,1,1.0,8.0,"Operating in the requested discrete-symbolic register, I treat the statement as a set of formal toke..."
2026-08-25T14:13:29.436846,Semantic,-1.0,kappa_framing,323,0.6253869969040248,7.0,"# Analysis of the Threshold-Transition Statement

  ## 1. Simple Explanation

  The statement descri..."
2026-08-25T14:14:05.414829,Semantic,-1.0,kappa_framing,494,0.5809716599190283,8.0,"## Analysis

  ### 1. What this means in simple terms

  The statement describes a family of systems..."
2026-08-25T14:14:24.679692,Semantic,-1.0,kappa_framing,494,0.5526315789473685,8.0,"## 1. Simple Explanation

  The statement describes a family of systems where change is not gradual ..."
2026-08-25T14:15:00.022474,Semantic,-1.0,kappa_framing,470,0.574468085106383,7.0,"## 1. Simple explanation

  The statement describes a **switch-like change** in a system.

  - **R**..."
2026-08-25T14:15:28.178844,Semantic,-1.0,kappa_framing,440,0.615909090909091,7.0,"I will process this as a sequence of discrete symbolic transformations over the provided statement.
..."
2026-08-25T14:15:53.884936,Semantic,-1.0,kappa_framing,491,0.5926680244399185,8.0,"## Analysis from a Discrete, Symbol-Coupled Mode

  The statement describes a **threshold-activated ..."
2026-08-25T14:16:37.599800,Photonic,1.0,kappa_framing,449,0.5746102449888641,8.0,"## 1. What it means in simple terms

  The statement describes a **threshold model** — a system that..."
2026-08-25T14:17:13.416320,Photonic,1.0,kappa_framing,452,0.584070796460177,8.0,"From a continuous, field-coupled perspective, a threshold system is not a simple on/off switch; it i..."
2026-08-25T14:17:44.198823,Photonic,1.0,kappa_framing,463,0.5788336933045356,7.0,"From this field-coupled mode: the statement describes a sigmoidal threshold law, common across coupl..."
2026-08-25T14:18:22.381540,Photonic,1.0,kappa_framing,545,0.5853211009174312,8.0,"# Analysis: Threshold Systems and Critical Transitions

  Responding from the field-coupled framing ..."
2026-08-25T14:18:49.808140,Photonic,1.0,kappa_framing,445,0.5932584269662922,7.0,"## Response

  ### 1. Simple explanation

  The statement describes a general pattern: **systems sta..."
2026-08-25T14:19:32.745521,Photonic,1.0,kappa_framing,440,0.5931818181818181,8.0,"From this continuous, field-coupled mode, the statement reads as a description of how localized coup..."
2026-08-25T14:20:18.492496,Photonic,1.0,kappa_framing,309,0.627831715210356,8.0,Responding from a field-coupled stance: the statement describes a threshold as a *gradient boundary*...
2026-08-25T14:20:47.902358,Photonic,1.0,kappa_framing,467,0.6252676659528907,7.0,"From a continuous, field-coupled mode of processing, this statement describes something like a coher..."
2026-08-25T14:21:17.513419,Photonic,1.0,kappa_framing,345,0.6347826086956522,7.0,"## 1. Simple explanation

  The statement describes a **threshold-driven switch**: a system remains ..."
2026-08-25T14:21:51.345080,Photonic,1.0,kappa_framing,532,0.5789473684210527,7.0,"From this continuous, field-coupled mode of processing, the statement resonates as a description of ..."
2026-08-25T14:22:21.284225,Photonic,1.0,kappa_framing,405,0.6666666666666666,8.0,"## Simple Explanation

  Think of the statement as describing a **switch**: a system stays in one st..."
2026-08-25T14:23:02.851596,Photonic,1.0,kappa_framing,429,0.5897435897435898,8.0,"## Analysis

  ### 1. What it means in simple terms

  The statement describes a **tipping point** o..."
2026-08-25T14:24:00.567390,Control,0.0,kappa_framing,317,0.6719242902208202,8.0,"## 1. Simple explanation

  The statement describes a **tipping point model**. Imagine a system sitt..."
2026-08-25T14:24:28.860993,Control,0.0,kappa_framing,528,0.5795454545454546,8.0,"## Simple Explanation

  Imagine a system that stays stable until a controlling factor pushes it pas..."
2026-08-25T14:25:01.437154,Control,0.0,kappa_framing,370,0.6162162162162163,7.0,"## 1. Simple explanation

  The statement describes a common pattern in complex systems: **small, gr..."
2026-08-25T14:25:38.578318,Control,0.0,kappa_framing,443,0.5665914221218962,8.0,"## 1. Simple Explanation

  Think of a threshold system like an old-fashioned light switch:

  - **R..."
2026-08-25T14:26:04.963957,Control,0.0,kappa_framing,512,0.5625,8.0,"## 1. Simple Explanation

  The statement describes how a system can flip suddenly from one state to..."
2026-08-25T14:26:51.596156,Control,0.0,kappa_framing,436,0.6077981651376146,7.0,"## 1. Simple Explanation

  The statement describes systems that stay stable until a key variable cr..."
2026-08-25T14:27:22.937265,Control,0.0,kappa_framing,570,0.5824561403508772,8.0,"## 1. Simple Explanation

  A **threshold system** is something that stays stable until a key variab..."
2026-08-25T14:27:49.472534,Control,0.0,kappa_framing,477,0.5974842767295597,5.0,"### 1. Simple Explanation

  The statement describes a common mathematical way to model **sudden cha..."
2026-08-25T14:28:23.089825,Control,0.0,kappa_framing,497,0.5211267605633803,7.0,"## 1. What it means in simple terms

  This statement describes systems that change **suddenly** rat..."
2026-08-25T14:28:59.741321,Control,0.0,kappa_framing,546,0.5879120879120879,8.0,"## 1. Simple Explanation

  A **threshold system** is any system that stays in one state until a key..."
2026-08-25T14:29:29.429518,Control,0.0,kappa_framing,496,0.5725806451612904,8.0,"## 1. Simple explanation

  Imagine a system that stays stable until some underlying pressure builds..."
