timestamp,domain,beta,beta_phi_theoretical,beta_phi_deviation,phi_cbrt_step,tau_star,zeta_risk,R,Theta,crep_flag,drift_flag,notes
# V6 β-Drift & τ* Telemetry Log
# Format: UTC timestamps, β values, φ^(n/3) alignment, τ* delays, ζ-risk flags, CREP-Warnungen, β-Drift
# Fields:
#   - timestamp: UTC ISO 8601 format
#   - domain: System domain (climate, bio, info, cosmic, etc.)
#   - beta: β-estimate (current value)
#   - beta_phi_theoretical: Theoretical β based on φ^(n/3) scaling
#   - beta_phi_deviation: Deviation from theoretical
#   - phi_cbrt_step: φ^(n/3) step alignment
#   - tau_star: τ* safety delay = 0.1·|Θ-R| (for Type-VI scenarios)
#   - zeta_risk: ζ-risk value (negative = Type-VI implosive)
#   - R: Current state position
#   - Theta: Threshold position
#   - crep_flag: CREP-Level flag (0=none, 1=≥0.6, 2=≥0.7, 3=≥0.8)
#   - drift_flag: β-Drift warning (0=normal, 1=>10% drift detected, 2=>20% critical)
#   - notes: Free-text notes, use [TYPE-VI-RISK] tag for escalations
# Usage: Append rows during simulations/analysis for tracking Type-6 implosive dynamics
# Reference: releases/V6-Plans_etc/type6_crep_tau_star_checklist.md, activation_gaps_tau_star.md
2025-11-26T12:51:02.399100Z,climate,4.4407,2.1000,4.2000,-0.0001,0.234040,0.0400,,,0,0,"Type-VI cascade simulation"
2025-11-26T12:52:52.047628Z,climate,4.4407,2.1000,4.2000,-0.0001,0.234040,0.0400,,,0,0,"Type-VI cascade simulation"
2025-12-02T15:05:34.477138Z,test,4.5000,0.0714,,0.7500,0.8000,-0.0200,0.0050,0.6500,1,0,"[TYPE-VI-RISK] Test entry for telemetry system"
2025-12-04T10:30:00.000000Z,climate,11.8,11.0,0.8,0.0200,0.0500,-0.1500,0.0200,0.1800,2,1,"[TYPE-VI-RISK] Climate cascade β>11, CREP≥0.7, drift >10% detected"
